"District","County","Total by County","flag","7-Vaccine Series","DTaP","IPV","MMR","HiB","HepB","Var","PCV","HepA","Rota","Flu"
"District 1-1 Rome","BARTOW","1,668","*","81.8%","86.8%","94.1%","92.2%","90.2%","90.5%","92.0%","94.1%","82.3%","75.7%","26.3%"
"District 1-1 Rome","CATOOSA","639","*","79.2%","82.6%","91.9%","90.6%","88.1%","90.1%","91.2%","93.3%","77.3%","59.3%","26.9%"
"District 1-1 Rome","CHATTOOGA","314","*","83.1%","87.3%","94.3%","93.6%","93.3%","92.7%","93.9%","96.5%","83.1%","68.2%","22.6%"
"District 1-1 Rome","DADE","136","*","72.1%","77.2%","88.2%","87.5%","84.6%","87.5%","87.5%","87.5%","69.1%","70.6%","19.9%"
"District 1-1 Rome","FLOYD","1,496","","83.9%","87.9%","94.3%","92.1%","91.5%","93.0%","93.0%","95.5%","83.6%","80.3%","34.8%"
"District 1-1 Rome","GORDON","758","*","81.7%","84.7%","92.9%","91.2%","89.7%","93.4%","91.4%","94.7%","77.8%","73.5%","11.5%"
"District 1-1 Rome","HARALSON","469","*","81.7%","85.5%","94.0%","91.3%","90.8%","94.9%","91.3%","95.7%","69.7%","74.6%","9.2%"
"District 1-1 Rome","PAULDING","2,592","*","86.1%","89.7%","94.9%","94.0%","93.2%","93.0%","93.9%","95.5%","85.0%","79.8%","32.2%"
"District 1-1 Rome","POLK","727","*","85.8%","89.5%","94.4%","94.1%","93.7%","94.1%","94.4%","94.9%","84.6%","77.6%","26.3%"
"District 1-1 Rome","WALKER","716","*","76.0%","80.9%","91.6%","89.5%","87.7%","88.5%","90.6%","91.6%","77.0%","59.6%","25.0%"
"District 1-2 Dalton","CHEROKEE","3,988","","85.6%","89.8%","94.5%","93.1%","93.0%","91.8%","93.1%","94.9%","84.8%","81.9%","45.4%"
"District 1-2 Dalton","FANNIN","223","*","73.5%","78.0%","91.0%","88.8%","85.7%","90.1%","91.0%","89.2%","70.0%","74.0%","18.8%"
"District 1-2 Dalton","GILMER","395","","79.5%","85.1%","93.4%","91.6%","94.2%","93.9%","93.7%","92.9%","77.5%","64.8%","35.7%"
"District 1-2 Dalton","MURRAY","596","","85.7%","89.8%","96.1%","94.5%","95.0%","94.5%","95.3%","96.3%","85.1%","76.3%","30.5%"
"District 1-2 Dalton","PICKENS","375","*","77.3%","81.3%","89.6%","92.3%","86.1%","91.7%","91.7%","90.9%","73.9%","71.7%","21.3%"
"District 1-2 Dalton","WHITFIELD","1,595","","86.5%","90.8%","96.1%","95.7%","94.7%","93.5%","95.7%","96.6%","88.3%","80.2%","37.5%"
"District 10 Athens","BARROW","1,577","","84.0%","87.6%","94.3%","91.7%","91.4%","92.6%","92.4%","94.9%","82.6%","80.0%","38.0%"
"District 10 Athens","CLARKE","1,871","","85.0%","87.1%","93.9%","92.2%","90.6%","93.5%","92.5%","94.6%","81.9%","76.3%","49.0%"
"District 10 Athens","ELBERT","285","","82.5%","85.3%","89.1%","93.0%","93.0%","94.0%","94.4%","93.0%","79.3%","66.7%","27.7%"
"District 10 Athens","GREENE","192","*","83.3%","85.4%","94.8%","94.8%","92.7%","94.8%","94.3%","96.4%","78.6%","74.0%","30.2%"
"District 10 Athens","JACKSON","1,479","","85.1%","88.2%","94.5%","91.5%","91.7%","92.2%","92.2%","95.2%","82.1%","79.3%","36.1%"
"District 10 Athens","MADISON","546","","84.2%","87.2%","94.1%","91.8%","91.2%","91.8%","92.9%","93.6%","81.3%","77.3%","41.8%"
"District 10 Athens","MORGAN","277","*","87.4%","88.8%","94.2%","93.1%","92.1%","94.6%","92.4%","94.6%","79.8%","77.3%","30.3%"
"District 10 Athens","OCONEE","527","","87.9%","91.1%","95.4%","93.4%","93.4%","94.5%","94.1%","96.0%","86.5%","85.6%","50.1%"
"District 10 Athens","OGLETHORPE","210","*","86.7%","90.5%","95.7%","94.3%","93.8%","95.7%","94.3%","96.7%","87.1%","81.0%","35.7%"
"District 10 Athens","WALTON","1,697","","84.1%","87.4%","94.0%","92.3%","92.0%","92.7%","92.9%","94.6%","82.4%","77.2%","31.4%"
"District 2 Gainesville","BANKS","336","","89.3%","91.7%","96.1%","94.6%","93.5%","94.0%","94.3%","97.0%","86.3%","74.4%","23.5%"
"District 2 Gainesville","DAWSON","412","","83.0%","85.9%","93.7%","92.2%","90.0%","91.0%","91.3%","94.2%","82.0%","81.8%","38.8%"
"District 2 Gainesville","FORSYTH","3,281","*","84.8%","89.4%","93.8%","91.5%","92.3%","91.6%","92.4%","94.4%","83.4%","81.9%","57.8%"
"District 2 Gainesville","FRANKLIN","433","","83.6%","86.6%","92.8%","91.7%","91.9%","91.2%","92.1%","94.5%","82.4%","71.4%","30.7%"
"District 2 Gainesville","HABERSHAM","715","","83.6%","88.4%","95.2%","92.0%","91.3%","92.3%","90.9%","95.1%","82.8%","78.0%","22.9%"
"District 2 Gainesville","HALL","3,645","","82.4%","86.6%","93.9%","91.2%","90.4%","91.1%","92.3%","94.2%","81.3%","78.2%","33.2%"
"District 2 Gainesville","HART","347","*","80.4%","87.9%","92.2%","90.2%","90.5%","87.3%","91.1%","91.6%","79.5%","64.6%","31.1%"
"District 2 Gainesville","LUMPKIN","397","","79.6%","84.1%","94.0%","90.2%","88.4%","89.7%","91.4%","95.0%","77.6%","76.1%","31.7%"
"District 2 Gainesville","RABUN","206","","74.8%","81.1%","88.8%","84.5%","83.0%","87.4%","85.0%","88.8%","73.3%","68.9%","18.4%"
"District 2 Gainesville","STEPHENS","409","","82.2%","85.3%","94.6%","92.9%","91.4%","93.9%","92.7%","95.6%","79.2%","77.0%","27.6%"
"District 2 Gainesville","TOWNS","102","*","83.3%","85.3%","91.2%","90.2%","88.2%","93.1%","90.2%","92.2%","82.4%","66.7%","13.7%"
"District 2 Gainesville","UNION","229","*","74.7%","79.0%","89.1%","87.3%","81.7%","88.2%","87.8%","90.0%","73.8%","73.4%","16.2%"
"District 2 Gainesville","WHITE","341","","86.2%","89.4%","95.0%","93.5%","93.0%","93.0%","93.8%","95.0%","84.2%","77.7%","23.2%"
"District 3-1 Marietta","COBB","11,640","","83.1%","87.9%","94.3%","92.2%","91.4%","91.6%","91.8%","94.6%","82.7%","81.0%","46.1%"
"District 3-1 Marietta","DOUGLAS","2,159","","80.8%","86.3%","93.6%","92.8%","91.9%","91.7%","93.3%","94.1%","80.3%","76.6%","27.8%"
"District 3-2 Atlanta","FULTON","16,516","","79.0%","82.7%","90.6%","88.9%","88.3%","89.5%","89.3%","91.7%","77.6%","75.3%","46.2%"
"District 3-3 Forest Park","CLAYTON","4,784","*","75.7%","79.0%","89.7%","88.8%","87.4%","90.1%","88.9%","90.3%","73.8%","67.1%","23.2%"
"District 3-4 Lawrenceville","GWINNETT","14,630","","81.0%","85.6%","92.9%","90.8%","90.1%","91.1%","91.6%","93.4%","79.5%","76.5%","42.8%"
"District 3-4 Lawrenceville","NEWTON","1,724","","81.2%","83.7%","93.3%","91.2%","90.1%","92.8%","91.6%","93.5%","77.5%","73.6%","27.1%"
"District 3-4 Lawrenceville","ROCKDALE","1,342","","78.1%","81.1%","90.5%","89.1%","87.3%","90.0%","88.8%","90.8%","73.5%","70.7%","26.4%"
"District 3-5 Decatur","DEKALB","12,897","","80.1%","84.2%","91.9%","90.4%","89.3%","91.1%","90.7%","92.7%","78.5%","75.2%","49.2%"
"District 4 La Grange","BUTTS","349","","84.0%","86.8%","92.8%","92.0%","92.0%","93.1%","92.0%","93.4%","81.9%","72.5%","17.8%"
"District 4 La Grange","CARROLL","2,045","","80.3%","83.9%","93.4%","90.1%","90.2%","93.3%","91.1%","94.0%","72.6%","70.8%","17.2%"
"District 4 La Grange","COWETA","2,231","","77.8%","81.8%","90.5%","88.4%","88.4%","88.6%","88.4%","90.7%","75.9%","71.8%","33.8%"
"District 4 La Grange","FAYETTE","1,368","","79.5%","84.3%","91.8%","89.4%","88.4%","90.6%","89.5%","92.8%","80.3%","75.7%","39.1%"
"District 4 La Grange","HEARD","173","","74.0%","78.0%","91.9%","91.3%","88.4%","90.8%","90.8%","93.6%","68.2%","60.7%","20.8%"
"District 4 La Grange","HENRY","3,621","","79.6%","83.5%","92.4%","91.1%","89.5%","91.7%","91.1%","93.1%","77.8%","74.3%","26.9%"
"District 4 La Grange","LAMAR","295","","81.4%","85.1%","91.5%","89.5%","90.5%","91.2%","90.8%","91.5%","78.3%","71.5%","13.2%"
"District 4 La Grange","MERIWETHER","291","*","80.1%","84.2%","89.7%","90.4%","88.7%","90.7%","91.1%","92.1%","78.7%","77.3%","20.6%"
"District 4 La Grange","PIKE","227","*","78.9%","84.1%","91.2%","88.1%","90.3%","91.6%","88.5%","90.7%","71.4%","75.3%","15.4%"
"District 4 La Grange","SPALDING","1,117","","81.5%","84.6%","93.0%","90.6%","91.8%","92.7%","90.7%","94.0%","76.6%","75.2%","19.9%"
"District 4 La Grange","TROUP","1,174","","85.8%","89.0%","96.6%","96.2%","95.5%","94.6%","96.3%","97.2%","85.5%","75.2%","22.3%"
"District 4 La Grange","UPSON","430","","79.3%","84.0%","93.7%","90.9%","90.9%","94.2%","88.8%","93.5%","71.6%","66.5%","10.2%"
"District 5-1 Dublin","BLECKLEY","177","","75.1%","79.1%","93.8%","90.4%","91.0%","92.7%","91.5%","93.8%","73.4%","63.3%","10.7%"
"District 5-1 Dublin","DODGE","263","","79.8%","87.1%","92.8%","91.3%","92.8%","90.9%","91.6%","94.7%","81.0%","70.0%","25.9%"
"District 5-1 Dublin","JOHNSON","128","","85.9%","89.1%","93.8%","93.0%","91.4%","93.0%","91.4%","94.5%","84.4%","75.0%","10.2%"
"District 5-1 Dublin","LAURENS","815","","81.5%","83.6%","93.7%","92.0%","90.8%","95.3%","93.0%","94.6%","80.1%","73.9%","13.5%"
"District 5-1 Dublin","MONTGOMERY","141","","81.6%","84.4%","94.3%","93.6%","91.5%","95.0%","93.6%","95.0%","77.3%","82.3%","25.5%"
"District 5-1 Dublin","PULASKI","126","*","84.1%","88.1%","94.4%","93.7%","93.7%","96.8%","95.2%","95.2%","85.7%","63.5%","12.7%"
"District 5-1 Dublin","TELFAIR","146","","74.7%","79.5%","89.7%","88.4%","91.1%","92.5%","88.4%","89.7%","71.2%","64.4%","13.0%"
"District 5-1 Dublin","TREUTLEN","105","","78.1%","84.8%","96.2%","96.2%","88.6%","93.3%","96.2%","94.3%","76.2%","81.9%","17.1%"
"District 5-1 Dublin","WHEELER","85","*","81.2%","82.4%","94.1%","91.8%","94.1%","96.5%","91.8%","95.3%","76.5%","70.6%","12.9%"
"District 5-1 Dublin","WILCOX","105","","73.3%","74.3%","91.4%","87.6%","91.4%","95.2%","86.7%","94.3%","68.6%","63.8%","16.2%"
"District 5-2 Macon","BALDWIN","545","","69.9%","84.8%","93.9%","92.8%","90.3%","79.4%","92.8%","93.9%","79.4%","64.8%","21.1%"
"District 5-2 Macon","BIBB","2,909","","77.5%","81.8%","90.6%","90.0%","89.2%","90.1%","90.1%","92.5%","77.8%","74.6%","26.1%"
"District 5-2 Macon","CRAWFORD","144","*","84.7%","93.1%","95.1%","95.1%","94.4%","91.7%","96.5%","95.8%","88.9%","84.0%","24.3%"
"District 5-2 Macon","HANCOCK","75","","78.7%","92.0%","96.0%","98.7%","98.7%","85.3%","98.7%","97.3%","89.3%","65.3%","21.3%"
"District 5-2 Macon","HOUSTON","2,657","","80.1%","85.0%","93.2%","90.7%","89.6%","90.8%","90.9%","93.1%","79.8%","76.9%","24.2%"
"District 5-2 Macon","JASPER","198","*","79.3%","83.3%","91.4%","89.4%","89.4%","90.9%","86.4%","92.4%","77.3%","65.2%","22.2%"
"District 5-2 Macon","JONES","398","","84.9%","90.2%","95.2%","94.2%","93.5%","91.5%","93.0%","96.7%","85.2%","82.4%","26.1%"
"District 5-2 Macon","MONROE","354","","85.0%","90.7%","95.5%","94.1%","94.9%","93.8%","94.6%","96.3%","85.3%","83.9%","33.6%"
"District 5-2 Macon","PEACH","404","","84.4%","88.9%","94.6%","93.3%","93.8%","93.8%","94.1%","95.8%","81.2%","75.0%","23.5%"
"District 5-2 Macon","PUTNAM","292","","75.0%","86.0%","93.2%","91.4%","91.8%","84.2%","92.1%","94.5%","81.8%","72.6%","28.1%"
"District 5-2 Macon","TWIGGS","87","","92.0%","95.4%","97.7%","96.6%","95.4%","95.4%","96.6%","97.7%","85.1%","82.8%","23.0%"
"District 5-2 Macon","WASHINGTON","262","","85.5%","89.7%","95.8%","95.4%","95.0%","95.0%","96.9%","97.7%","88.9%","76.0%","15.6%"
"District 5-2 Macon","WILKINSON","141","","70.2%","78.7%","87.9%","89.4%","87.2%","82.3%","90.1%","92.2%","75.9%","70.2%","15.6%"
"District 6 Augusta","BURKE","384","","76.0%","82.3%","89.6%","90.4%","88.5%","88.0%","90.4%","92.4%","79.4%","73.2%","24.5%"
"District 6 Augusta","COLUMBIA","2,474","","79.9%","85.1%","93.5%","89.8%","88.8%","90.9%","90.7%","93.5%","78.7%","79.8%","40.4%"
"District 6 Augusta","EMANUEL","372","*","78.5%","83.3%","93.3%","93.0%","91.4%","92.2%","92.2%","95.7%","81.5%","72.8%","17.7%"
"District 6 Augusta","GLASCOCK","47","","80.9%","83.0%","91.5%","89.4%","87.2%","95.7%","91.5%","93.6%","80.9%","83.0%","23.4%"
"District 6 Augusta","JEFFERSON","196","*","61.2%","65.3%","75.5%","91.3%","89.8%","93.4%","93.9%","93.4%","75.5%","80.1%","24.0%"
"District 6 Augusta","JENKINS","124","","78.2%","81.5%","91.1%","90.3%","89.5%","90.3%","90.3%","95.2%","79.0%","74.2%","30.6%"
"District 6 Augusta","LINCOLN","120","","88.3%","91.7%","95.8%","95.8%","95.8%","93.3%","95.0%","96.7%","84.2%","81.7%","23.3%"
"District 6 Augusta","MCDUFFIE","361","","86.4%","90.0%","94.2%","94.5%","93.6%","93.9%","94.7%","95.3%","82.8%","78.1%","28.8%"
"District 6 Augusta","RICHMOND","3,774","","75.6%","79.0%","90.9%","87.9%","85.8%","90.1%","88.5%","91.6%","74.3%","71.9%","34.4%"
"District 6 Augusta","SCREVEN","191","*","84.3%","89.0%","96.3%","94.2%","92.7%","94.8%","94.8%","96.9%","84.3%","76.4%","23.6%"
"District 6 Augusta","TALIAFERRO","19","*","89.5%","89.5%","94.7%","94.7%","89.5%","94.7%","94.7%","94.7%","84.2%","73.7%","26.3%"
"District 6 Augusta","WARREN","63","*","82.5%","85.7%","92.1%","88.9%","88.9%","88.9%","87.3%","93.7%","79.4%","69.8%","15.9%"
"District 6 Augusta","WILKES","117","","90.6%","91.5%","94.9%","95.7%","94.9%","94.9%","95.7%","95.7%","84.6%","74.4%","25.6%"
"District 7 Columbus","CHATTAHOOCHEE","712","*","47.6%","53.7%","79.1%","65.3%","62.4%","74.4%","65.7%","79.1%","37.1%","78.7%","27.1%"
"District 7 Columbus","CLAY","60","*","81.7%","83.3%","90.0%","90.0%","86.7%","91.7%","90.0%","90.0%","80.0%","70.0%","26.7%"
"District 7 Columbus","CRISP","334","","80.2%","82.3%","91.6%","92.5%","92.2%","93.7%","91.3%","94.0%","78.7%","67.1%","26.9%"
"District 7 Columbus","DOOLY","128","","82.0%","83.6%","90.6%","93.0%","92.2%","91.4%","92.2%","92.2%","80.5%","63.3%","22.7%"
"District 7 Columbus","HARRIS","352","*","87.8%","90.9%","97.4%","95.2%","94.3%","95.7%","95.2%","97.4%","81.2%","86.6%","35.2%"
"District 7 Columbus","MACON","126","*","82.5%","86.5%","92.1%","91.3%","90.5%","93.7%","91.3%","93.7%","81.7%","74.6%","31.0%"
"District 7 Columbus","MARION","96","","77.1%","81.2%","91.7%","92.7%","90.6%","90.6%","90.6%","96.9%","75.0%","69.8%","33.3%"
"District 7 Columbus","MUSCOGEE","3,367","","80.9%","85.4%","93.1%","91.6%","91.7%","91.7%","92.5%","93.6%","77.7%","73.5%","30.2%"
"District 7 Columbus","QUITMAN","21","*","85.7%","90.5%","100.0%","95.2%","95.2%","95.2%","95.2%","100.0%","81.0%","81.0%","14.3%"
"District 7 Columbus","RANDOLPH","86","","81.4%","82.6%","91.9%","93.0%","90.7%","91.9%","93.0%","93.0%","79.1%","79.1%","29.1%"
"District 7 Columbus","SCHLEY","67","","91.0%","92.5%","97.0%","95.5%","97.0%","95.5%","95.5%","97.0%","88.1%","79.1%","29.9%"
"District 7 Columbus","STEWART","43","*","74.4%","74.4%","81.4%","95.3%","95.3%","100.0%","95.3%","95.3%","83.7%","83.7%","27.9%"
"District 7 Columbus","SUMTER","469","","87.4%","90.8%","96.2%","95.1%","94.9%","94.5%","95.5%","96.6%","85.5%","79.1%","28.8%"
"District 7 Columbus","TALBOT","70","","90.0%","92.9%","97.1%","94.3%","95.7%","98.6%","95.7%","98.6%","90.0%","75.7%","17.1%"
"District 7 Columbus","TAYLOR","106","","84.0%","88.7%","93.4%","95.3%","95.3%","95.3%","93.4%","95.3%","84.0%","77.4%","21.7%"
"District 7 Columbus","WEBSTER","30","","86.7%","90.0%","90.0%","100.0%","96.7%","93.3%","100.0%","96.7%","93.3%","76.7%","43.3%"
"District 8-1 Valdosta","BEN HILL","251","*","83.7%","86.1%","94.8%","91.2%","90.4%","96.4%","91.2%","96.0%","82.1%","82.5%","35.1%"
"District 8-1 Valdosta","BERRIEN","286","","88.1%","91.3%","95.8%","93.0%","94.4%","93.7%","93.7%","95.5%","86.0%","74.8%","42.3%"
"District 8-1 Valdosta","BROOKS","213","*","91.1%","93.9%","97.2%","95.3%","96.2%","95.8%","95.3%","97.7%","87.8%","75.1%","25.4%"
"District 8-1 Valdosta","COOK","296","","86.1%","91.6%","95.9%","94.3%","94.6%","94.6%","95.9%","96.6%","88.2%","72.3%","38.5%"
"District 8-1 Valdosta","ECHOLS","50","*","96.0%","98.0%","100.0%","98.0%","98.0%","96.0%","100.0%","98.0%","96.0%","86.0%","20.0%"
"District 8-1 Valdosta","IRWIN","167","","86.8%","89.8%","97.0%","94.6%","94.6%","95.2%","95.2%","97.6%","85.0%","81.4%","36.5%"
"District 8-1 Valdosta","LANIER","144","*","84.7%","86.1%","91.0%","91.0%","91.0%","93.1%","91.0%","94.4%","85.4%","70.8%","25.0%"
"District 8-1 Valdosta","LOWNDES","1,912","*","88.2%","91.0%","96.2%","95.0%","94.4%","94.4%","95.0%","96.2%","86.6%","77.8%","29.4%"
"District 8-1 Valdosta","TIFT","728","","83.2%","89.6%","95.7%","93.3%","92.3%","92.3%","92.6%","95.5%","84.1%","79.5%","49.0%"
"District 8-1 Valdosta","TURNER","151","*","82.1%","86.8%","94.7%","92.7%","92.1%","94.7%","93.4%","94.7%","78.8%","75.5%","37.1%"
"District 8-2 Albany","BAKER","42","","81.0%","83.3%","92.9%","92.9%","92.9%","95.2%","90.5%","95.2%","71.4%","66.7%","28.6%"
"District 8-2 Albany","CALHOUN","60","","85.0%","86.7%","96.7%","98.3%","95.0%","96.7%","98.3%","100.0%","81.7%","81.7%","38.3%"
"District 8-2 Albany","COLQUITT","790","","87.1%","89.2%","95.2%","95.3%","94.8%","95.9%","95.3%","96.7%","85.3%","74.3%","22.9%"
"District 8-2 Albany","DECATUR","482","","89.2%","91.1%","97.3%","95.0%","94.4%","96.5%","95.6%","97.5%","85.5%","86.3%","34.9%"
"District 8-2 Albany","DOUGHERTY","1,462","","84.1%","86.5%","94.5%","94.3%","93.1%","94.5%","94.6%","95.5%","83.2%","73.6%","36.0%"
"District 8-2 Albany","EARLY","123","*","75.6%","79.7%","91.1%","88.6%","87.8%","87.0%","88.6%","93.5%","74.8%","82.1%","34.1%"
"District 8-2 Albany","GRADY","370","","90.0%","90.8%","97.3%","96.5%","95.7%","98.6%","96.8%","98.4%","89.2%","77.0%","25.7%"
"District 8-2 Albany","LEE","478","","86.8%","91.0%","95.0%","94.4%","93.9%","93.3%","95.6%","95.6%","86.2%","80.8%","38.3%"
"District 8-2 Albany","MILLER","65","*","76.9%","80.0%","87.7%","89.2%","87.7%","87.7%","89.2%","87.7%","75.4%","73.8%","21.5%"
"District 8-2 Albany","MITCHELL","314","","83.8%","86.6%","93.6%","93.3%","92.0%","95.2%","94.3%","94.9%","83.1%","80.9%","31.8%"
"District 8-2 Albany","SEMINOLE","118","","82.2%","83.9%","94.9%","93.2%","90.7%","94.9%","93.2%","94.9%","78.8%","86.4%","22.9%"
"District 8-2 Albany","TERRELL","108","","83.3%","86.1%","94.4%","90.7%","89.8%","94.4%","89.8%","94.4%","76.9%","79.6%","30.6%"
"District 8-2 Albany","THOMAS","638","*","87.8%","90.3%","95.6%","94.2%","94.5%","95.5%","94.5%","96.2%","86.7%","79.2%","34.3%"
"District 8-2 Albany","WORTH","244","*","86.5%","91.4%","96.7%","97.1%","96.3%","93.0%","96.7%","97.5%","86.9%","73.0%","33.2%"
"District 9-1 Savannah","BRYAN","859","","77.5%","83.1%","94.6%","86.8%","88.4%","90.5%","87.9%","93.4%","78.9%","78.5%","34.0%"
"District 9-1 Savannah","CAMDEN","975","","75.3%","79.2%","91.3%","85.3%","85.1%","90.8%","86.3%","91.3%","71.5%","66.9%","41.6%"
"District 9-1 Savannah","CHATHAM","5,068","","76.7%","81.8%","91.0%","89.1%","88.9%","88.5%","89.3%","91.7%","78.4%","72.7%","38.8%"
"District 9-1 Savannah","EFFINGHAM","1,097","","83.4%","88.1%","94.6%","91.6%","92.8%","92.9%","92.2%","94.6%","83.4%","79.6%","29.7%"
"District 9-1 Savannah","GLYNN","1,326","","81.6%","86.8%","94.7%","93.3%","93.0%","91.0%","93.4%","94.9%","82.4%","76.5%","38.4%"
"District 9-1 Savannah","LIBERTY","2,001","","60.8%","66.0%","86.9%","79.0%","79.2%","83.8%","79.2%","86.3%","60.6%","71.5%","29.1%"
"District 9-1 Savannah","LONG","342","*","76.0%","80.1%","92.1%","89.8%","88.0%","89.5%","90.6%","92.4%","73.1%","68.4%","26.3%"
"District 9-1 Savannah","MCINTOSH","132","","86.4%","90.2%","96.2%","94.7%","93.9%","92.4%","94.7%","96.2%","82.6%","72.7%","35.6%"
"District 9-2 Waycross","APPLING","281","","78.3%","82.6%","92.9%","90.7%","90.4%","92.5%","91.8%","94.3%","77.6%","66.2%","12.1%"
"District 9-2 Waycross","ATKINSON","150","*","80.7%","85.3%","96.7%","93.3%","91.3%","92.7%","94.0%","95.3%","78.7%","74.7%","12.0%"
"District 9-2 Waycross","BACON","182","","79.1%","83.5%","93.4%","90.7%","89.6%","90.1%","91.2%","94.0%","80.2%","77.5%","6.6%"
"District 9-2 Waycross","BRANTLEY","270","","84.4%","88.1%","96.7%","94.4%","93.0%","94.8%","94.8%","96.7%","84.8%","81.1%","22.2%"
"District 9-2 Waycross","BULLOCH","1,080","","83.1%","87.0%","92.5%","92.7%","91.4%","92.9%","92.5%","94.5%","81.3%","81.3%","28.6%"
"District 9-2 Waycross","CANDLER","171","*","78.9%","83.0%","90.6%","93.0%","91.2%","92.4%","92.4%","94.2%","80.7%","80.1%","28.1%"
"District 9-2 Waycross","CHARLTON","123","*","78.0%","78.9%","91.9%","87.8%","87.0%","93.5%","88.6%","92.7%","73.2%","69.1%","26.8%"
"District 9-2 Waycross","CLINCH","116","","86.2%","87.9%","96.6%","95.7%","98.3%","97.4%","95.7%","98.3%","87.1%","73.3%","12.9%"
"District 9-2 Waycross","COFFEE","762","","74.7%","78.2%","90.8%","87.4%","84.9%","91.5%","87.1%","90.4%","72.6%","67.5%","8.7%"
"District 9-2 Waycross","EVANS","149","","82.6%","85.9%","95.3%","95.3%","94.6%","96.0%","94.6%","96.6%","80.5%","70.5%","29.5%"
"District 9-2 Waycross","JEFF DAVIS","229","","82.1%","85.2%","94.8%","94.3%","93.9%","93.4%","93.9%","94.8%","81.7%","75.1%","12.7%"
"District 9-2 Waycross","PIERCE","317","*","77.9%","83.9%","94.6%","89.3%","89.3%","91.8%","92.4%","95.0%","77.6%","78.9%","17.7%"
"District 9-2 Waycross","TATTNALL","334","","84.7%","88.0%","94.6%","94.0%","92.8%","94.0%","93.4%","94.6%","85.3%","78.1%","24.6%"
"District 9-2 Waycross","TOOMBS","501","","85.6%","88.8%","94.6%","94.8%","94.0%","93.4%","95.0%","95.2%","84.0%","83.2%","24.4%"
"District 9-2 Waycross","WARE","549","*","78.5%","83.1%","93.8%","91.3%","91.6%","92.5%","92.2%","95.8%","80.7%","69.9%","16.2%"
"District 9-2 Waycross","WAYNE","506","","83.4%","87.4%","95.8%","92.7%","92.1%","93.5%","93.5%","95.3%","83.8%","80.0%","24.5%"
"Unknown","","17,948","","66.4%","75.0%","86.0%","82.8%","83.2%","82.8%","83.9%","87.1%","66.0%","61.6%","33.9%"