County,Vaccine,Colorado NIS Rate,US NIS Rates,HP2020 Goals,Period,Percent Group,Up-To-Date Percent,State Rate
Prowers,4+ PCV13,79.6%,82.4%,90%,"January 1, 2016 - June 30, 2016",86% - 90%,89.54,74.31024485107302
Baca,4+ PCV13,79.6%,82.4%,90%,"January 1, 2016 - June 30, 2016",86% - 90%,87.69,74.31024485107302
Otero,4+ PCV13,79.6%,82.4%,90%,"January 1, 2016 - June 30, 2016",81% - 85%,82.12,74.31024485107302
Montrose,4+ PCV13,79.6%,82.4%,90%,"January 1, 2016 - June 30, 2016",81% - 85%,82.5,74.31024485107302
Kiowa,4+ PCV13,79.6%,82.4%,90%,"January 1, 2016 - June 30, 2016",81% - 85%,84,74.31024485107302
Jefferson,4+ PCV13,79.6%,82.4%,90%,"January 1, 2016 - June 30, 2016",81% - 85%,81.22,74.31024485107302
Denver,4+ PCV13,79.6%,82.4%,90%,"January 1, 2016 - June 30, 2016",81% - 85%,81.82,74.31024485107302
Park,4+ PCV13,79.6%,82.4%,90%,"January 1, 2016 - June 30, 2016",71% - 80%,71.08,74.31024485107302
Las Animas,4+ PCV13,79.6%,82.4%,90%,"January 1, 2016 - June 30, 2016",71% - 80%,73.66,74.31024485107302
Larimer,4+ PCV13,79.6%,82.4%,90%,"January 1, 2016 - June 30, 2016",71% - 80%,72.38,74.31024485107302
La Plata,4+ PCV13,79.6%,82.4%,90%,"January 1, 2016 - June 30, 2016",71% - 80%,76.83,74.31024485107302
Kit Carson,4+ PCV13,79.6%,82.4%,90%,"January 1, 2016 - June 30, 2016",71% - 80%,80,74.31024485107302
Jackson,4+ PCV13,79.6%,82.4%,90%,"January 1, 2016 - June 30, 2016",71% - 80%,73.68,74.31024485107302
Fremont,4+ PCV13,79.6%,82.4%,90%,"January 1, 2016 - June 30, 2016",71% - 80%,71.47,74.31024485107302
Douglas,4+ PCV13,79.6%,82.4%,90%,"January 1, 2016 - June 30, 2016",71% - 80%,79.61,74.31024485107302
Custer,4+ PCV13,79.6%,82.4%,90%,"January 1, 2016 - June 30, 2016",71% - 80%,76.92,74.31024485107302
Costilla,4+ PCV13,79.6%,82.4%,90%,"January 1, 2016 - June 30, 2016",71% - 80%,78.05,74.31024485107302
Cheyenne,4+ PCV13,79.6%,82.4%,90%,"January 1, 2016 - June 30, 2016",71% - 80%,73.68,74.31024485107302
Bent,4+ PCV13,79.6%,82.4%,90%,"January 1, 2016 - June 30, 2016",71% - 80%,72.22,74.31024485107302
Arapahoe,4+ PCV13,79.6%,82.4%,90%,"January 1, 2016 - June 30, 2016",71% - 80%,80.99,74.31024485107302
Alamosa,4+ PCV13,79.6%,82.4%,90%,"January 1, 2016 - June 30, 2016",71% - 80%,73.82,74.31024485107302
Adams,4+ PCV13,79.6%,82.4%,90%,"January 1, 2016 - June 30, 2016",71% - 80%,78.46,74.31024485107302
Weld,4+ PCV13,79.6%,82.4%,90%,"January 1, 2016 - June 30, 2016",61% - 70%,69.56,74.31024485107302
Washington,4+ PCV13,79.6%,82.4%,90%,"January 1, 2016 - June 30, 2016",61% - 70%,64.38,74.31024485107302
Summit,4+ PCV13,79.6%,82.4%,90%,"January 1, 2016 - June 30, 2016",61% - 70%,66.74,74.31024485107302
San Miguel,4+ PCV13,79.6%,82.4%,90%,"January 1, 2016 - June 30, 2016",61% - 70%,66.38,74.31024485107302
Saguache,4+ PCV13,79.6%,82.4%,90%,"January 1, 2016 - June 30, 2016",61% - 70%,67.57,74.31024485107302
Rio Grande,4+ PCV13,79.6%,82.4%,90%,"January 1, 2016 - June 30, 2016",61% - 70%,69.34,74.31024485107302
Rio Blanco,4+ PCV13,79.6%,82.4%,90%,"January 1, 2016 - June 30, 2016",61% - 70%,67.1,74.31024485107302
Pueblo,4+ PCV13,79.6%,82.4%,90%,"January 1, 2016 - June 30, 2016",61% - 70%,65.06,74.31024485107302
Ouray,4+ PCV13,79.6%,82.4%,90%,"January 1, 2016 - June 30, 2016",61% - 70%,66.67,74.31024485107302
Montezuma,4+ PCV13,79.6%,82.4%,90%,"January 1, 2016 - June 30, 2016",61% - 70%,67.5,74.31024485107302
Mineral,4+ PCV13,79.6%,82.4%,90%,"January 1, 2016 - June 30, 2016",61% - 70%,63.64,74.31024485107302
Mesa,4+ PCV13,79.6%,82.4%,90%,"January 1, 2016 - June 30, 2016",61% - 70%,61.52,74.31024485107302
Logan,4+ PCV13,79.6%,82.4%,90%,"January 1, 2016 - June 30, 2016",61% - 70%,62.72,74.31024485107302
Lincoln,4+ PCV13,79.6%,82.4%,90%,"January 1, 2016 - June 30, 2016",61% - 70%,68.91,74.31024485107302
Lake,4+ PCV13,79.6%,82.4%,90%,"January 1, 2016 - June 30, 2016",61% - 70%,61.18,74.31024485107302
Huerfano,4+ PCV13,79.6%,82.4%,90%,"January 1, 2016 - June 30, 2016",61% - 70%,68.49,74.31024485107302
Gunnison,4+ PCV13,79.6%,82.4%,90%,"January 1, 2016 - June 30, 2016",61% - 70%,70.45,74.31024485107302
Gilpin,4+ PCV13,79.6%,82.4%,90%,"January 1, 2016 - June 30, 2016",61% - 70%,68.06,74.31024485107302
Garfield,4+ PCV13,79.6%,82.4%,90%,"January 1, 2016 - June 30, 2016",61% - 70%,68.12,74.31024485107302
Elbert,4+ PCV13,79.6%,82.4%,90%,"January 1, 2016 - June 30, 2016",61% - 70%,69.45,74.31024485107302
El Paso,4+ PCV13,79.6%,82.4%,90%,"January 1, 2016 - June 30, 2016",61% - 70%,63.71,74.31024485107302
Eagle,4+ PCV13,79.6%,82.4%,90%,"January 1, 2016 - June 30, 2016",61% - 70%,66.73,74.31024485107302
Dolores,4+ PCV13,79.6%,82.4%,90%,"January 1, 2016 - June 30, 2016",61% - 70%,70.83,74.31024485107302
Delta,4+ PCV13,79.6%,82.4%,90%,"January 1, 2016 - June 30, 2016",61% - 70%,70.33,74.31024485107302
Conejos,4+ PCV13,79.6%,82.4%,90%,"January 1, 2016 - June 30, 2016",61% - 70%,66.14,74.31024485107302
Broomfield,4+ PCV13,79.6%,82.4%,90%,"January 1, 2016 - June 30, 2016",61% - 70%,70.81,74.31024485107302
Boulder,4+ PCV13,79.6%,82.4%,90%,"January 1, 2016 - June 30, 2016",61% - 70%,67.43,74.31024485107302
Archuleta,4+ PCV13,79.6%,82.4%,90%,"January 1, 2016 - June 30, 2016",61% - 70%,61.97,74.31024485107302
Teller,4+ PCV13,79.6%,82.4%,90%,"January 1, 2016 - June 30, 2016",50% - 60%,60.93,74.31024485107302
Sedgwick,4+ PCV13,79.6%,82.4%,90%,"January 1, 2016 - June 30, 2016",50% - 60%,53.19,74.31024485107302
San Juan,4+ PCV13,79.6%,82.4%,90%,"January 1, 2016 - June 30, 2016",50% - 60%,58.82,74.31024485107302
Pitkin,4+ PCV13,79.6%,82.4%,90%,"January 1, 2016 - June 30, 2016",50% - 60%,59.81,74.31024485107302
Phillips,4+ PCV13,79.6%,82.4%,90%,"January 1, 2016 - June 30, 2016",50% - 60%,59.43,74.31024485107302
Morgan,4+ PCV13,79.6%,82.4%,90%,"January 1, 2016 - June 30, 2016",50% - 60%,57.63,74.31024485107302
Moffat,4+ PCV13,79.6%,82.4%,90%,"January 1, 2016 - June 30, 2016",50% - 60%,52.98,74.31024485107302
Hinsdale,4+ PCV13,79.6%,82.4%,90%,"January 1, 2016 - June 30, 2016",50% - 60%,60,74.31024485107302
Grand,4+ PCV13,79.6%,82.4%,90%,"January 1, 2016 - June 30, 2016",50% - 60%,60.5,74.31024485107302
Crowley,4+ PCV13,79.6%,82.4%,90%,"January 1, 2016 - June 30, 2016",50% - 60%,59.62,74.31024485107302
Clear Creek,4+ PCV13,79.6%,82.4%,90%,"January 1, 2016 - June 30, 2016",50% - 60%,58.45,74.31024485107302
Chaffee,4+ PCV13,79.6%,82.4%,90%,"January 1, 2016 - June 30, 2016",50% - 60%,57.3,74.31024485107302
Yuma,4+ PCV13,79.6%,82.4%,90%,"January 1, 2016 - June 30, 2016",< 50%,44.13,74.31024485107302
Routt,4+ PCV13,79.6%,82.4%,90%,"January 1, 2016 - June 30, 2016",< 50%,45.26,74.31024485107302
Prowers,4+ PCV13,79.6%,82.4%,90%,"July 1, 2016 - December 31, 2016",86% - 90%,90.54,75.12759747645221
Kiowa,4+ PCV13,79.6%,82.4%,90%,"July 1, 2016 - December 31, 2016",81% - 85%,85.19,75.12759747645221
Jefferson,4+ PCV13,79.6%,82.4%,90%,"July 1, 2016 - December 31, 2016",81% - 85%,83.6,75.12759747645221
Denver,4+ PCV13,79.6%,82.4%,90%,"July 1, 2016 - December 31, 2016",81% - 85%,81.92,75.12759747645221
Baca,4+ PCV13,79.6%,82.4%,90%,"July 1, 2016 - December 31, 2016",81% - 85%,82.81,75.12759747645221
Weld,4+ PCV13,79.6%,82.4%,90%,"July 1, 2016 - December 31, 2016",71% - 80%,71.93,75.12759747645221
Otero,4+ PCV13,79.6%,82.4%,90%,"July 1, 2016 - December 31, 2016",71% - 80%,79.86,75.12759747645221
Montrose,4+ PCV13,79.6%,82.4%,90%,"July 1, 2016 - December 31, 2016",71% - 80%,80.24,75.12759747645221
Las Animas,4+ PCV13,79.6%,82.4%,90%,"July 1, 2016 - December 31, 2016",71% - 80%,74.66,75.12759747645221
Larimer,4+ PCV13,79.6%,82.4%,90%,"July 1, 2016 - December 31, 2016",71% - 80%,76.63,75.12759747645221
La Plata,4+ PCV13,79.6%,82.4%,90%,"July 1, 2016 - December 31, 2016",71% - 80%,77.91,75.12759747645221
Kit Carson,4+ PCV13,79.6%,82.4%,90%,"July 1, 2016 - December 31, 2016",71% - 80%,75.48,75.12759747645221
Fremont,4+ PCV13,79.6%,82.4%,90%,"July 1, 2016 - December 31, 2016",71% - 80%,71.32,75.12759747645221
Douglas,4+ PCV13,79.6%,82.4%,90%,"July 1, 2016 - December 31, 2016",71% - 80%,80.15,75.12759747645221
Dolores,4+ PCV13,79.6%,82.4%,90%,"July 1, 2016 - December 31, 2016",71% - 80%,75,75.12759747645221
Costilla,4+ PCV13,79.6%,82.4%,90%,"July 1, 2016 - December 31, 2016",71% - 80%,73.17,75.12759747645221
Cheyenne,4+ PCV13,79.6%,82.4%,90%,"July 1, 2016 - December 31, 2016",71% - 80%,73.91,75.12759747645221
Broomfield,4+ PCV13,79.6%,82.4%,90%,"July 1, 2016 - December 31, 2016",71% - 80%,74.52,75.12759747645221
Arapahoe,4+ PCV13,79.6%,82.4%,90%,"July 1, 2016 - December 31, 2016",71% - 80%,80.76,75.12759747645221
Alamosa,4+ PCV13,79.6%,82.4%,90%,"July 1, 2016 - December 31, 2016",71% - 80%,73.44,75.12759747645221
Adams,4+ PCV13,79.6%,82.4%,90%,"July 1, 2016 - December 31, 2016",71% - 80%,77.86,75.12759747645221
Washington,4+ PCV13,79.6%,82.4%,90%,"July 1, 2016 - December 31, 2016",61% - 70%,63.41,75.12759747645221
Summit,4+ PCV13,79.6%,82.4%,90%,"July 1, 2016 - December 31, 2016",61% - 70%,63.57,75.12759747645221
San Miguel,4+ PCV13,79.6%,82.4%,90%,"July 1, 2016 - December 31, 2016",61% - 70%,67.92,75.12759747645221
Saguache,4+ PCV13,79.6%,82.4%,90%,"July 1, 2016 - December 31, 2016",61% - 70%,68.82,75.12759747645221
Rio Grande,4+ PCV13,79.6%,82.4%,90%,"July 1, 2016 - December 31, 2016",61% - 70%,70.86,75.12759747645221
Rio Blanco,4+ PCV13,79.6%,82.4%,90%,"July 1, 2016 - December 31, 2016",61% - 70%,64.94,75.12759747645221
Pueblo,4+ PCV13,79.6%,82.4%,90%,"July 1, 2016 - December 31, 2016",61% - 70%,66.27,75.12759747645221
Pitkin,4+ PCV13,79.6%,82.4%,90%,"July 1, 2016 - December 31, 2016",61% - 70%,66.16,75.12759747645221
Park,4+ PCV13,79.6%,82.4%,90%,"July 1, 2016 - December 31, 2016",61% - 70%,68.48,75.12759747645221
Ouray,4+ PCV13,79.6%,82.4%,90%,"July 1, 2016 - December 31, 2016",61% - 70%,69.57,75.12759747645221
Montezuma,4+ PCV13,79.6%,82.4%,90%,"July 1, 2016 - December 31, 2016",61% - 70%,67,75.12759747645221
Mineral,4+ PCV13,79.6%,82.4%,90%,"July 1, 2016 - December 31, 2016",61% - 70%,66.67,75.12759747645221
Mesa,4+ PCV13,79.6%,82.4%,90%,"July 1, 2016 - December 31, 2016",61% - 70%,65.64,75.12759747645221
Lincoln,4+ PCV13,79.6%,82.4%,90%,"July 1, 2016 - December 31, 2016",61% - 70%,67.52,75.12759747645221
Lake,4+ PCV13,79.6%,82.4%,90%,"July 1, 2016 - December 31, 2016",61% - 70%,62.3,75.12759747645221
Jackson,4+ PCV13,79.6%,82.4%,90%,"July 1, 2016 - December 31, 2016",61% - 70%,62.5,75.12759747645221
Hinsdale,4+ PCV13,79.6%,82.4%,90%,"July 1, 2016 - December 31, 2016",61% - 70%,66.67,75.12759747645221
Gunnison,4+ PCV13,79.6%,82.4%,90%,"July 1, 2016 - December 31, 2016",61% - 70%,68.99,75.12759747645221
Gilpin,4+ PCV13,79.6%,82.4%,90%,"July 1, 2016 - December 31, 2016",61% - 70%,63.24,75.12759747645221
Garfield,4+ PCV13,79.6%,82.4%,90%,"July 1, 2016 - December 31, 2016",61% - 70%,67.01,75.12759747645221
Elbert,4+ PCV13,79.6%,82.4%,90%,"July 1, 2016 - December 31, 2016",61% - 70%,70.26,75.12759747645221
El Paso,4+ PCV13,79.6%,82.4%,90%,"July 1, 2016 - December 31, 2016",61% - 70%,64.51,75.12759747645221
Eagle,4+ PCV13,79.6%,82.4%,90%,"July 1, 2016 - December 31, 2016",61% - 70%,70.29,75.12759747645221
Delta,4+ PCV13,79.6%,82.4%,90%,"July 1, 2016 - December 31, 2016",61% - 70%,70.49,75.12759747645221
Custer,4+ PCV13,79.6%,82.4%,90%,"July 1, 2016 - December 31, 2016",61% - 70%,69.05,75.12759747645221
Crowley,4+ PCV13,79.6%,82.4%,90%,"July 1, 2016 - December 31, 2016",61% - 70%,70.37,75.12759747645221
Conejos,4+ PCV13,79.6%,82.4%,90%,"July 1, 2016 - December 31, 2016",61% - 70%,69.23,75.12759747645221
Boulder,4+ PCV13,79.6%,82.4%,90%,"July 1, 2016 - December 31, 2016",61% - 70%,69.55,75.12759747645221
Bent,4+ PCV13,79.6%,82.4%,90%,"July 1, 2016 - December 31, 2016",61% - 70%,70.59,75.12759747645221
Archuleta,4+ PCV13,79.6%,82.4%,90%,"July 1, 2016 - December 31, 2016",61% - 70%,63.56,75.12759747645221
Teller,4+ PCV13,79.6%,82.4%,90%,"July 1, 2016 - December 31, 2016",50% - 60%,56.96,75.12759747645221
San Juan,4+ PCV13,79.6%,82.4%,90%,"July 1, 2016 - December 31, 2016",50% - 60%,57.14,75.12759747645221
Routt,4+ PCV13,79.6%,82.4%,90%,"July 1, 2016 - December 31, 2016",50% - 60%,50.33,75.12759747645221
Phillips,4+ PCV13,79.6%,82.4%,90%,"July 1, 2016 - December 31, 2016",50% - 60%,57.76,75.12759747645221
Morgan,4+ PCV13,79.6%,82.4%,90%,"July 1, 2016 - December 31, 2016",50% - 60%,59.05,75.12759747645221
Logan,4+ PCV13,79.6%,82.4%,90%,"July 1, 2016 - December 31, 2016",50% - 60%,54.17,75.12759747645221
Huerfano,4+ PCV13,79.6%,82.4%,90%,"July 1, 2016 - December 31, 2016",50% - 60%,60.64,75.12759747645221
Grand,4+ PCV13,79.6%,82.4%,90%,"July 1, 2016 - December 31, 2016",50% - 60%,55.96,75.12759747645221
Clear Creek,4+ PCV13,79.6%,82.4%,90%,"July 1, 2016 - December 31, 2016",50% - 60%,57.14,75.12759747645221
Chaffee,4+ PCV13,79.6%,82.4%,90%,"July 1, 2016 - December 31, 2016",50% - 60%,53.21,75.12759747645221
Yuma,4+ PCV13,79.6%,82.4%,90%,"July 1, 2016 - December 31, 2016",< 50%,39.01,75.12759747645221
Sedgwick,4+ PCV13,79.6%,82.4%,90%,"July 1, 2016 - December 31, 2016",< 50%,39.58,75.12759747645221
Moffat,4+ PCV13,79.6%,82.4%,90%,"July 1, 2016 - December 31, 2016",< 50%,49.71,75.12759747645221
Kiowa,4+ PCV13,79.6%,82.4%,90%,"January 1, 2017 - June 30, 2017",> 96%,100,80.3925900549007
Baca,4+ PCV13,79.6%,82.4%,90%,"January 1, 2017 - June 30, 2017",91% - 95%,93.55,80.3925900549007
Prowers,4+ PCV13,79.6%,82.4%,90%,"January 1, 2017 - June 30, 2017",86% - 90%,89.36,80.3925900549007
Jefferson,4+ PCV13,79.6%,82.4%,90%,"January 1, 2017 - June 30, 2017",86% - 90%,86.8,80.3925900549007
Douglas,4+ PCV13,79.6%,82.4%,90%,"January 1, 2017 - June 30, 2017",86% - 90%,86.46,80.3925900549007
Crowley,4+ PCV13,79.6%,82.4%,90%,"January 1, 2017 - June 30, 2017",86% - 90%,86.96,80.3925900549007
Costilla,4+ PCV13,79.6%,82.4%,90%,"January 1, 2017 - June 30, 2017",86% - 90%,89.66,80.3925900549007
Cheyenne,4+ PCV13,79.6%,82.4%,90%,"January 1, 2017 - June 30, 2017",86% - 90%,88.24,80.3925900549007
Pitkin,4+ PCV13,79.6%,82.4%,90%,"January 1, 2017 - June 30, 2017",81% - 85%,85.03,80.3925900549007
Montrose,4+ PCV13,79.6%,82.4%,90%,"January 1, 2017 - June 30, 2017",81% - 85%,83.98,80.3925900549007
Larimer,4+ PCV13,79.6%,82.4%,90%,"January 1, 2017 - June 30, 2017",81% - 85%,82.9,80.3925900549007
La Plata,4+ PCV13,79.6%,82.4%,90%,"January 1, 2017 - June 30, 2017",81% - 85%,82.47,80.3925900549007
Denver,4+ PCV13,79.6%,82.4%,90%,"January 1, 2017 - June 30, 2017",81% - 85%,84.75,80.3925900549007
Broomfield,4+ PCV13,79.6%,82.4%,90%,"January 1, 2017 - June 30, 2017",81% - 85%,82.68,80.3925900549007
Arapahoe,4+ PCV13,79.6%,82.4%,90%,"January 1, 2017 - June 30, 2017",81% - 85%,83.66,80.3925900549007
Adams,4+ PCV13,79.6%,82.4%,90%,"January 1, 2017 - June 30, 2017",81% - 85%,82.28,80.3925900549007
Weld,4+ PCV13,79.6%,82.4%,90%,"January 1, 2017 - June 30, 2017",71% - 80%,79.43,80.3925900549007
Washington,4+ PCV13,79.6%,82.4%,90%,"January 1, 2017 - June 30, 2017",71% - 80%,73.68,80.3925900549007
Routt,4+ PCV13,79.6%,82.4%,90%,"January 1, 2017 - June 30, 2017",71% - 80%,72.73,80.3925900549007
Rio Grande,4+ PCV13,79.6%,82.4%,90%,"January 1, 2017 - June 30, 2017",71% - 80%,75.58,80.3925900549007
Pueblo,4+ PCV13,79.6%,82.4%,90%,"January 1, 2017 - June 30, 2017",71% - 80%,72.13,80.3925900549007
Ouray,4+ PCV13,79.6%,82.4%,90%,"January 1, 2017 - June 30, 2017",71% - 80%,77.5,80.3925900549007
Otero,4+ PCV13,79.6%,82.4%,90%,"January 1, 2017 - June 30, 2017",71% - 80%,79.94,80.3925900549007
Montezuma,4+ PCV13,79.6%,82.4%,90%,"January 1, 2017 - June 30, 2017",71% - 80%,71.33,80.3925900549007
Mesa,4+ PCV13,79.6%,82.4%,90%,"January 1, 2017 - June 30, 2017",71% - 80%,74.61,80.3925900549007
Lincoln,4+ PCV13,79.6%,82.4%,90%,"January 1, 2017 - June 30, 2017",71% - 80%,73.12,80.3925900549007
Las Animas,4+ PCV13,79.6%,82.4%,90%,"January 1, 2017 - June 30, 2017",71% - 80%,79.05,80.3925900549007
Kit Carson,4+ PCV13,79.6%,82.4%,90%,"January 1, 2017 - June 30, 2017",71% - 80%,79.5,80.3925900549007
Jackson,4+ PCV13,79.6%,82.4%,90%,"January 1, 2017 - June 30, 2017",71% - 80%,75,80.3925900549007
Huerfano,4+ PCV13,79.6%,82.4%,90%,"January 1, 2017 - June 30, 2017",71% - 80%,71.88,80.3925900549007
Hinsdale,4+ PCV13,79.6%,82.4%,90%,"January 1, 2017 - June 30, 2017",71% - 80%,71.43,80.3925900549007
Gunnison,4+ PCV13,79.6%,82.4%,90%,"January 1, 2017 - June 30, 2017",71% - 80%,76.64,80.3925900549007
Garfield,4+ PCV13,79.6%,82.4%,90%,"January 1, 2017 - June 30, 2017",71% - 80%,80.08,80.3925900549007
Elbert,4+ PCV13,79.6%,82.4%,90%,"January 1, 2017 - June 30, 2017",71% - 80%,79.24,80.3925900549007
El Paso,4+ PCV13,79.6%,82.4%,90%,"January 1, 2017 - June 30, 2017",71% - 80%,72.19,80.3925900549007
Eagle,4+ PCV13,79.6%,82.4%,90%,"January 1, 2017 - June 30, 2017",71% - 80%,78.81,80.3925900549007
Dolores,4+ PCV13,79.6%,82.4%,90%,"January 1, 2017 - June 30, 2017",71% - 80%,77.78,80.3925900549007
Delta,4+ PCV13,79.6%,82.4%,90%,"January 1, 2017 - June 30, 2017",71% - 80%,79.86,80.3925900549007
Conejos,4+ PCV13,79.6%,82.4%,90%,"January 1, 2017 - June 30, 2017",71% - 80%,80.29,80.3925900549007
Boulder,4+ PCV13,79.6%,82.4%,90%,"January 1, 2017 - June 30, 2017",71% - 80%,76.65,80.3925900549007
Bent,4+ PCV13,79.6%,82.4%,90%,"January 1, 2017 - June 30, 2017",71% - 80%,77.27,80.3925900549007
Archuleta,4+ PCV13,79.6%,82.4%,90%,"January 1, 2017 - June 30, 2017",71% - 80%,73.68,80.3925900549007
Alamosa,4+ PCV13,79.6%,82.4%,90%,"January 1, 2017 - June 30, 2017",71% - 80%,78.7,80.3925900549007
Yuma,4+ PCV13,79.6%,82.4%,90%,"January 1, 2017 - June 30, 2017",61% - 70%,63.44,80.3925900549007
Teller,4+ PCV13,79.6%,82.4%,90%,"January 1, 2017 - June 30, 2017",61% - 70%,65.52,80.3925900549007
Summit,4+ PCV13,79.6%,82.4%,90%,"January 1, 2017 - June 30, 2017",61% - 70%,68.06,80.3925900549007
San Miguel,4+ PCV13,79.6%,82.4%,90%,"January 1, 2017 - June 30, 2017",61% - 70%,70.13,80.3925900549007
San Juan,4+ PCV13,79.6%,82.4%,90%,"January 1, 2017 - June 30, 2017",61% - 70%,66.67,80.3925900549007
Saguache,4+ PCV13,79.6%,82.4%,90%,"January 1, 2017 - June 30, 2017",61% - 70%,64.71,80.3925900549007
Rio Blanco,4+ PCV13,79.6%,82.4%,90%,"January 1, 2017 - June 30, 2017",61% - 70%,70.73,80.3925900549007
Phillips,4+ PCV13,79.6%,82.4%,90%,"January 1, 2017 - June 30, 2017",61% - 70%,62.96,80.3925900549007
Park,4+ PCV13,79.6%,82.4%,90%,"January 1, 2017 - June 30, 2017",61% - 70%,66.67,80.3925900549007
Morgan,4+ PCV13,79.6%,82.4%,90%,"January 1, 2017 - June 30, 2017",61% - 70%,67.51,80.3925900549007
Moffat,4+ PCV13,79.6%,82.4%,90%,"January 1, 2017 - June 30, 2017",61% - 70%,63.69,80.3925900549007
Grand,4+ PCV13,79.6%,82.4%,90%,"January 1, 2017 - June 30, 2017",61% - 70%,63.43,80.3925900549007
Gilpin,4+ PCV13,79.6%,82.4%,90%,"January 1, 2017 - June 30, 2017",61% - 70%,67.31,80.3925900549007
Fremont,4+ PCV13,79.6%,82.4%,90%,"January 1, 2017 - June 30, 2017",61% - 70%,69.74,80.3925900549007
Clear Creek,4+ PCV13,79.6%,82.4%,90%,"January 1, 2017 - June 30, 2017",61% - 70%,61.82,80.3925900549007
Chaffee,4+ PCV13,79.6%,82.4%,90%,"January 1, 2017 - June 30, 2017",61% - 70%,64.67,80.3925900549007
Mineral,4+ PCV13,79.6%,82.4%,90%,"January 1, 2017 - June 30, 2017",50% - 60%,60,80.3925900549007
Lake,4+ PCV13,79.6%,82.4%,90%,"January 1, 2017 - June 30, 2017",50% - 60%,58.88,80.3925900549007
Custer,4+ PCV13,79.6%,82.4%,90%,"January 1, 2017 - June 30, 2017",50% - 60%,55.17,80.3925900549007
Sedgwick,4+ PCV13,79.6%,82.4%,90%,"January 1, 2017 - June 30, 2017",< 50%,47.06,80.3925900549007
Logan,4+ PCV13,79.6%,82.4%,90%,"January 1, 2017 - June 30, 2017",< 50%,46.07,80.3925900549007
Prowers,4+ PCV13,79.6%,82.4%,90%,"January 1, 2018 - June 30, 2018",86% - 90%,87.38,80.81138085862062
Jefferson,4+ PCV13,79.6%,82.4%,90%,"January 1, 2018 - June 30, 2018",86% - 90%,86.52,80.81138085862062
Douglas,4+ PCV13,79.6%,82.4%,90%,"January 1, 2018 - June 30, 2018",86% - 90%,86.6,80.81138085862062
Cheyenne,4+ PCV13,79.6%,82.4%,90%,"January 1, 2018 - June 30, 2018",86% - 90%,86.36,80.81138085862062
Weld,4+ PCV13,79.6%,82.4%,90%,"January 1, 2018 - June 30, 2018",81% - 85%,81.53,80.81138085862062
Routt,4+ PCV13,79.6%,82.4%,90%,"January 1, 2018 - June 30, 2018",81% - 85%,82.26,80.81138085862062
Montrose,4+ PCV13,79.6%,82.4%,90%,"January 1, 2018 - June 30, 2018",81% - 85%,85.4,80.81138085862062
Larimer,4+ PCV13,79.6%,82.4%,90%,"January 1, 2018 - June 30, 2018",81% - 85%,83.24,80.81138085862062
Kiowa,4+ PCV13,79.6%,82.4%,90%,"January 1, 2018 - June 30, 2018",81% - 85%,84.38,80.81138085862062
Gilpin,4+ PCV13,79.6%,82.4%,90%,"January 1, 2018 - June 30, 2018",81% - 85%,82.22,80.81138085862062
Eagle,4+ PCV13,79.6%,82.4%,90%,"January 1, 2018 - June 30, 2018",81% - 85%,81.6,80.81138085862062
Denver,4+ PCV13,79.6%,82.4%,90%,"January 1, 2018 - June 30, 2018",81% - 85%,83.17,80.81138085862062
Broomfield,4+ PCV13,79.6%,82.4%,90%,"January 1, 2018 - June 30, 2018",81% - 85%,83.79,80.81138085862062
Baca,4+ PCV13,79.6%,82.4%,90%,"January 1, 2018 - June 30, 2018",81% - 85%,82.22,80.81138085862062
Arapahoe,4+ PCV13,79.6%,82.4%,90%,"January 1, 2018 - June 30, 2018",81% - 85%,83.68,80.81138085862062
Adams,4+ PCV13,79.6%,82.4%,90%,"January 1, 2018 - June 30, 2018",81% - 85%,82.42,80.81138085862062
San Miguel,4+ PCV13,79.6%,82.4%,90%,"January 1, 2018 - June 30, 2018",71% - 80%,72.37,80.81138085862062
Rio Grande,4+ PCV13,79.6%,82.4%,90%,"January 1, 2018 - June 30, 2018",71% - 80%,76.87,80.81138085862062
Pueblo,4+ PCV13,79.6%,82.4%,90%,"January 1, 2018 - June 30, 2018",71% - 80%,72.78,80.81138085862062
Pitkin,4+ PCV13,79.6%,82.4%,90%,"January 1, 2018 - June 30, 2018",71% - 80%,80.75,80.81138085862062
Park,4+ PCV13,79.6%,82.4%,90%,"January 1, 2018 - June 30, 2018",71% - 80%,80,80.81138085862062
Ouray,4+ PCV13,79.6%,82.4%,90%,"January 1, 2018 - June 30, 2018",71% - 80%,78.57,80.81138085862062
Otero,4+ PCV13,79.6%,82.4%,90%,"January 1, 2018 - June 30, 2018",71% - 80%,80.43,80.81138085862062
Morgan,4+ PCV13,79.6%,82.4%,90%,"January 1, 2018 - June 30, 2018",71% - 80%,71.58,80.81138085862062
Montezuma,4+ PCV13,79.6%,82.4%,90%,"January 1, 2018 - June 30, 2018",71% - 80%,71.93,80.81138085862062
Moffat,4+ PCV13,79.6%,82.4%,90%,"January 1, 2018 - June 30, 2018",71% - 80%,74.19,80.81138085862062
Mineral,4+ PCV13,79.6%,82.4%,90%,"January 1, 2018 - June 30, 2018",71% - 80%,75,80.81138085862062
Mesa,4+ PCV13,79.6%,82.4%,90%,"January 1, 2018 - June 30, 2018",71% - 80%,77.98,80.81138085862062
Lincoln,4+ PCV13,79.6%,82.4%,90%,"January 1, 2018 - June 30, 2018",71% - 80%,74.19,80.81138085862062
Las Animas,4+ PCV13,79.6%,82.4%,90%,"January 1, 2018 - June 30, 2018",71% - 80%,76.28,80.81138085862062
La Plata,4+ PCV13,79.6%,82.4%,90%,"January 1, 2018 - June 30, 2018",71% - 80%,80.62,80.81138085862062
Kit Carson,4+ PCV13,79.6%,82.4%,90%,"January 1, 2018 - June 30, 2018",71% - 80%,80.92,80.81138085862062
Huerfano,4+ PCV13,79.6%,82.4%,90%,"January 1, 2018 - June 30, 2018",71% - 80%,73.85,80.81138085862062
Gunnison,4+ PCV13,79.6%,82.4%,90%,"January 1, 2018 - June 30, 2018",71% - 80%,75.82,80.81138085862062
Garfield,4+ PCV13,79.6%,82.4%,90%,"January 1, 2018 - June 30, 2018",71% - 80%,80.09,80.81138085862062
Elbert,4+ PCV13,79.6%,82.4%,90%,"January 1, 2018 - June 30, 2018",71% - 80%,80.75,80.81138085862062
El Paso,4+ PCV13,79.6%,82.4%,90%,"January 1, 2018 - June 30, 2018",71% - 80%,73.77,80.81138085862062
Delta,4+ PCV13,79.6%,82.4%,90%,"January 1, 2018 - June 30, 2018",71% - 80%,79.31,80.81138085862062
Crowley,4+ PCV13,79.6%,82.4%,90%,"January 1, 2018 - June 30, 2018",71% - 80%,79.25,80.81138085862062
Costilla,4+ PCV13,79.6%,82.4%,90%,"January 1, 2018 - June 30, 2018",71% - 80%,75,80.81138085862062
Conejos,4+ PCV13,79.6%,82.4%,90%,"January 1, 2018 - June 30, 2018",71% - 80%,78.34,80.81138085862062
Clear Creek,4+ PCV13,79.6%,82.4%,90%,"January 1, 2018 - June 30, 2018",71% - 80%,72.06,80.81138085862062
Boulder,4+ PCV13,79.6%,82.4%,90%,"January 1, 2018 - June 30, 2018",71% - 80%,77.22,80.81138085862062
Bent,4+ PCV13,79.6%,82.4%,90%,"January 1, 2018 - June 30, 2018",71% - 80%,72,80.81138085862062
Alamosa,4+ PCV13,79.6%,82.4%,90%,"January 1, 2018 - June 30, 2018",71% - 80%,75.69,80.81138085862062
Yuma,4+ PCV13,79.6%,82.4%,90%,"January 1, 2018 - June 30, 2018",61% - 70%,67.37,80.81138085862062
Teller,4+ PCV13,79.6%,82.4%,90%,"January 1, 2018 - June 30, 2018",61% - 70%,69.61,80.81138085862062
Summit,4+ PCV13,79.6%,82.4%,90%,"January 1, 2018 - June 30, 2018",61% - 70%,64.37,80.81138085862062
Saguache,4+ PCV13,79.6%,82.4%,90%,"January 1, 2018 - June 30, 2018",61% - 70%,63.64,80.81138085862062
Rio Blanco,4+ PCV13,79.6%,82.4%,90%,"January 1, 2018 - June 30, 2018",61% - 70%,68.84,80.81138085862062
Lake,4+ PCV13,79.6%,82.4%,90%,"January 1, 2018 - June 30, 2018",61% - 70%,61.98,80.81138085862062
Jackson,4+ PCV13,79.6%,82.4%,90%,"January 1, 2018 - June 30, 2018",61% - 70%,66.67,80.81138085862062
Fremont,4+ PCV13,79.6%,82.4%,90%,"January 1, 2018 - June 30, 2018",61% - 70%,70.35,80.81138085862062
Dolores,4+ PCV13,79.6%,82.4%,90%,"January 1, 2018 - June 30, 2018",61% - 70%,70.59,80.81138085862062
Chaffee,4+ PCV13,79.6%,82.4%,90%,"January 1, 2018 - June 30, 2018",61% - 70%,69.35,80.81138085862062
Archuleta,4+ PCV13,79.6%,82.4%,90%,"January 1, 2018 - June 30, 2018",61% - 70%,69.64,80.81138085862062
Washington,4+ PCV13,79.6%,82.4%,90%,"January 1, 2018 - June 30, 2018",50% - 60%,59.02,80.81138085862062
San Juan,4+ PCV13,79.6%,82.4%,90%,"January 1, 2018 - June 30, 2018",50% - 60%,57.14,80.81138085862062
Phillips,4+ PCV13,79.6%,82.4%,90%,"January 1, 2018 - June 30, 2018",50% - 60%,55.32,80.81138085862062
Hinsdale,4+ PCV13,79.6%,82.4%,90%,"January 1, 2018 - June 30, 2018",50% - 60%,57.14,80.81138085862062
Grand,4+ PCV13,79.6%,82.4%,90%,"January 1, 2018 - June 30, 2018",50% - 60%,60.95,80.81138085862062
Custer,4+ PCV13,79.6%,82.4%,90%,"January 1, 2018 - June 30, 2018",50% - 60%,50,80.81138085862062
Sedgwick,4+ PCV13,79.6%,82.4%,90%,"January 1, 2018 - June 30, 2018",< 50%,47.62,80.81138085862062
Logan,4+ PCV13,79.6%,82.4%,90%,"January 1, 2018 - June 30, 2018",< 50%,44.23,80.81138085862062
Prowers,4+ PCV13,79.6%,82.4%,90%,"July 1, 2018 - December 31, 2018",86% - 90%,87.24,80.34319301525026
Douglas,4+ PCV13,79.6%,82.4%,90%,"July 1, 2018 - December 31, 2018",86% - 90%,86.63,80.34319301525026
Weld,4+ PCV13,79.6%,82.4%,90%,"July 1, 2018 - December 31, 2018",81% - 85%,81.68,80.34319301525026
Routt,4+ PCV13,79.6%,82.4%,90%,"July 1, 2018 - December 31, 2018",81% - 85%,85.47,80.34319301525026
Pitkin,4+ PCV13,79.6%,82.4%,90%,"July 1, 2018 - December 31, 2018",81% - 85%,83.64,80.34319301525026
Montrose,4+ PCV13,79.6%,82.4%,90%,"July 1, 2018 - December 31, 2018",81% - 85%,83.28,80.34319301525026
Mineral,4+ PCV13,79.6%,82.4%,90%,"July 1, 2018 - December 31, 2018",81% - 85%,83.33,80.34319301525026
Larimer,4+ PCV13,79.6%,82.4%,90%,"July 1, 2018 - December 31, 2018",81% - 85%,83.39,80.34319301525026
Kit Carson,4+ PCV13,79.6%,82.4%,90%,"July 1, 2018 - December 31, 2018",81% - 85%,83.12,80.34319301525026
Kiowa,4+ PCV13,79.6%,82.4%,90%,"July 1, 2018 - December 31, 2018",81% - 85%,85.71,80.34319301525026
Jefferson,4+ PCV13,79.6%,82.4%,90%,"July 1, 2018 - December 31, 2018",81% - 85%,85.73,80.34319301525026
Jackson,4+ PCV13,79.6%,82.4%,90%,"July 1, 2018 - December 31, 2018",81% - 85%,81.25,80.34319301525026
Elbert,4+ PCV13,79.6%,82.4%,90%,"July 1, 2018 - December 31, 2018",81% - 85%,82.44,80.34319301525026
Denver,4+ PCV13,79.6%,82.4%,90%,"July 1, 2018 - December 31, 2018",81% - 85%,82.69,80.34319301525026
Broomfield,4+ PCV13,79.6%,82.4%,90%,"July 1, 2018 - December 31, 2018",81% - 85%,81.89,80.34319301525026
Baca,4+ PCV13,79.6%,82.4%,90%,"July 1, 2018 - December 31, 2018",81% - 85%,85.71,80.34319301525026
Arapahoe,4+ PCV13,79.6%,82.4%,90%,"July 1, 2018 - December 31, 2018",81% - 85%,82.55,80.34319301525026
Adams,4+ PCV13,79.6%,82.4%,90%,"July 1, 2018 - December 31, 2018",81% - 85%,81.82,80.34319301525026
Teller,4+ PCV13,79.6%,82.4%,90%,"July 1, 2018 - December 31, 2018",71% - 80%,71.67,80.34319301525026
San Miguel,4+ PCV13,79.6%,82.4%,90%,"July 1, 2018 - December 31, 2018",71% - 80%,77.27,80.34319301525026
Rio Grande,4+ PCV13,79.6%,82.4%,90%,"July 1, 2018 - December 31, 2018",71% - 80%,76.27,80.34319301525026
Rio Blanco,4+ PCV13,79.6%,82.4%,90%,"July 1, 2018 - December 31, 2018",71% - 80%,72.18,80.34319301525026
Pueblo,4+ PCV13,79.6%,82.4%,90%,"July 1, 2018 - December 31, 2018",71% - 80%,72.32,80.34319301525026
Park,4+ PCV13,79.6%,82.4%,90%,"July 1, 2018 - December 31, 2018",71% - 80%,78.48,80.34319301525026
Ouray,4+ PCV13,79.6%,82.4%,90%,"July 1, 2018 - December 31, 2018",71% - 80%,79.41,80.34319301525026
Otero,4+ PCV13,79.6%,82.4%,90%,"July 1, 2018 - December 31, 2018",71% - 80%,76.31,80.34319301525026
Morgan,4+ PCV13,79.6%,82.4%,90%,"July 1, 2018 - December 31, 2018",71% - 80%,71.32,80.34319301525026
Moffat,4+ PCV13,79.6%,82.4%,90%,"July 1, 2018 - December 31, 2018",71% - 80%,79,80.34319301525026
Mesa,4+ PCV13,79.6%,82.4%,90%,"July 1, 2018 - December 31, 2018",71% - 80%,75.39,80.34319301525026
Lincoln,4+ PCV13,79.6%,82.4%,90%,"July 1, 2018 - December 31, 2018",71% - 80%,76.6,80.34319301525026
Las Animas,4+ PCV13,79.6%,82.4%,90%,"July 1, 2018 - December 31, 2018",71% - 80%,75.54,80.34319301525026
La Plata,4+ PCV13,79.6%,82.4%,90%,"July 1, 2018 - December 31, 2018",71% - 80%,76.65,80.34319301525026
Huerfano,4+ PCV13,79.6%,82.4%,90%,"July 1, 2018 - December 31, 2018",71% - 80%,71.64,80.34319301525026
Gunnison,4+ PCV13,79.6%,82.4%,90%,"July 1, 2018 - December 31, 2018",71% - 80%,76.88,80.34319301525026
Gilpin,4+ PCV13,79.6%,82.4%,90%,"July 1, 2018 - December 31, 2018",71% - 80%,77.08,80.34319301525026
Garfield,4+ PCV13,79.6%,82.4%,90%,"July 1, 2018 - December 31, 2018",71% - 80%,80.12,80.34319301525026
Fremont,4+ PCV13,79.6%,82.4%,90%,"July 1, 2018 - December 31, 2018",71% - 80%,73.52,80.34319301525026
El Paso,4+ PCV13,79.6%,82.4%,90%,"July 1, 2018 - December 31, 2018",71% - 80%,73.13,80.34319301525026
Eagle,4+ PCV13,79.6%,82.4%,90%,"July 1, 2018 - December 31, 2018",71% - 80%,79.1,80.34319301525026
Dolores,4+ PCV13,79.6%,82.4%,90%,"July 1, 2018 - December 31, 2018",71% - 80%,76.47,80.34319301525026
Delta,4+ PCV13,79.6%,82.4%,90%,"July 1, 2018 - December 31, 2018",71% - 80%,80.54,80.34319301525026
Crowley,4+ PCV13,79.6%,82.4%,90%,"July 1, 2018 - December 31, 2018",71% - 80%,78.85,80.34319301525026
Costilla,4+ PCV13,79.6%,82.4%,90%,"July 1, 2018 - December 31, 2018",71% - 80%,75.51,80.34319301525026
Conejos,4+ PCV13,79.6%,82.4%,90%,"July 1, 2018 - December 31, 2018",71% - 80%,75.18,80.34319301525026
Clear Creek,4+ PCV13,79.6%,82.4%,90%,"July 1, 2018 - December 31, 2018",71% - 80%,74.19,80.34319301525026
Chaffee,4+ PCV13,79.6%,82.4%,90%,"July 1, 2018 - December 31, 2018",71% - 80%,71.56,80.34319301525026
Boulder,4+ PCV13,79.6%,82.4%,90%,"July 1, 2018 - December 31, 2018",71% - 80%,76.87,80.34319301525026
Bent,4+ PCV13,79.6%,82.4%,90%,"July 1, 2018 - December 31, 2018",71% - 80%,80.95,80.34319301525026
Alamosa,4+ PCV13,79.6%,82.4%,90%,"July 1, 2018 - December 31, 2018",71% - 80%,73.06,80.34319301525026
Yuma,4+ PCV13,79.6%,82.4%,90%,"July 1, 2018 - December 31, 2018",61% - 70%,67.92,80.34319301525026
Washington,4+ PCV13,79.6%,82.4%,90%,"July 1, 2018 - December 31, 2018",61% - 70%,61.82,80.34319301525026
Summit,4+ PCV13,79.6%,82.4%,90%,"July 1, 2018 - December 31, 2018",61% - 70%,69.91,80.34319301525026
San Juan,4+ PCV13,79.6%,82.4%,90%,"July 1, 2018 - December 31, 2018",61% - 70%,66.67,80.34319301525026
Phillips,4+ PCV13,79.6%,82.4%,90%,"July 1, 2018 - December 31, 2018",61% - 70%,62.71,80.34319301525026
Montezuma,4+ PCV13,79.6%,82.4%,90%,"July 1, 2018 - December 31, 2018",61% - 70%,68.7,80.34319301525026
Lake,4+ PCV13,79.6%,82.4%,90%,"July 1, 2018 - December 31, 2018",61% - 70%,69.72,80.34319301525026
Hinsdale,4+ PCV13,79.6%,82.4%,90%,"July 1, 2018 - December 31, 2018",61% - 70%,66.67,80.34319301525026
Grand,4+ PCV13,79.6%,82.4%,90%,"July 1, 2018 - December 31, 2018",61% - 70%,68.28,80.34319301525026
Custer,4+ PCV13,79.6%,82.4%,90%,"July 1, 2018 - December 31, 2018",61% - 70%,62.86,80.34319301525026
Cheyenne,4+ PCV13,79.6%,82.4%,90%,"July 1, 2018 - December 31, 2018",61% - 70%,70.83,80.34319301525026
Archuleta,4+ PCV13,79.6%,82.4%,90%,"July 1, 2018 - December 31, 2018",61% - 70%,69.49,80.34319301525026
Sedgwick,4+ PCV13,79.6%,82.4%,90%,"July 1, 2018 - December 31, 2018",50% - 60%,60,80.34319301525026
Saguache,4+ PCV13,79.6%,82.4%,90%,"July 1, 2018 - December 31, 2018",50% - 60%,59.52,80.34319301525026
Logan,4+ PCV13,79.6%,82.4%,90%,"July 1, 2018 - December 31, 2018",< 50%,48.11,80.34319301525026
Mineral,4+ PCV13,79.6%,82.4%,90%,"January 1, 2019 - June 30, 2019",> 96%,100,79.73741849011907
Prowers,4+ PCV13,79.6%,82.4%,90%,"January 1, 2019 - June 30, 2019",86% - 90%,86.81,79.73741849011907
Kiowa,4+ PCV13,79.6%,82.4%,90%,"January 1, 2019 - June 30, 2019",86% - 90%,87.1,79.73741849011907
Douglas,4+ PCV13,79.6%,82.4%,90%,"January 1, 2019 - June 30, 2019",86% - 90%,86.15,79.73741849011907
Weld,4+ PCV13,79.6%,82.4%,90%,"January 1, 2019 - June 30, 2019",81% - 85%,81.24,79.73741849011907
Routt,4+ PCV13,79.6%,82.4%,90%,"January 1, 2019 - June 30, 2019",81% - 85%,84.7,79.73741849011907
Pitkin,4+ PCV13,79.6%,82.4%,90%,"January 1, 2019 - June 30, 2019",81% - 85%,83.52,79.73741849011907
Larimer,4+ PCV13,79.6%,82.4%,90%,"January 1, 2019 - June 30, 2019",81% - 85%,83.33,79.73741849011907
Kit Carson,4+ PCV13,79.6%,82.4%,90%,"January 1, 2019 - June 30, 2019",81% - 85%,85.61,79.73741849011907
Jefferson,4+ PCV13,79.6%,82.4%,90%,"January 1, 2019 - June 30, 2019",81% - 85%,84.82,79.73741849011907
Elbert,4+ PCV13,79.6%,82.4%,90%,"January 1, 2019 - June 30, 2019",81% - 85%,82.42,79.73741849011907
Dolores,4+ PCV13,79.6%,82.4%,90%,"January 1, 2019 - June 30, 2019",81% - 85%,82.35,79.73741849011907
Denver,4+ PCV13,79.6%,82.4%,90%,"January 1, 2019 - June 30, 2019",81% - 85%,81.73,79.73741849011907
Broomfield,4+ PCV13,79.6%,82.4%,90%,"January 1, 2019 - June 30, 2019",81% - 85%,83.46,79.73741849011907
Bent,4+ PCV13,79.6%,82.4%,90%,"January 1, 2019 - June 30, 2019",81% - 85%,83.33,79.73741849011907
Arapahoe,4+ PCV13,79.6%,82.4%,90%,"January 1, 2019 - June 30, 2019",81% - 85%,82.01,79.73741849011907
Summit,4+ PCV13,79.6%,82.4%,90%,"January 1, 2019 - June 30, 2019",71% - 80%,75.56,79.73741849011907
San Miguel,4+ PCV13,79.6%,82.4%,90%,"January 1, 2019 - June 30, 2019",71% - 80%,76.74,79.73741849011907
Rio Grande,4+ PCV13,79.6%,82.4%,90%,"January 1, 2019 - June 30, 2019",71% - 80%,74.58,79.73741849011907
Pueblo,4+ PCV13,79.6%,82.4%,90%,"January 1, 2019 - June 30, 2019",71% - 80%,72.95,79.73741849011907
Park,4+ PCV13,79.6%,82.4%,90%,"January 1, 2019 - June 30, 2019",71% - 80%,79.08,79.73741849011907
Ouray,4+ PCV13,79.6%,82.4%,90%,"January 1, 2019 - June 30, 2019",71% - 80%,76.67,79.73741849011907
Otero,4+ PCV13,79.6%,82.4%,90%,"January 1, 2019 - June 30, 2019",71% - 80%,75.64,79.73741849011907
Montrose,4+ PCV13,79.6%,82.4%,90%,"January 1, 2019 - June 30, 2019",71% - 80%,80.68,79.73741849011907
Moffat,4+ PCV13,79.6%,82.4%,90%,"January 1, 2019 - June 30, 2019",71% - 80%,74.1,79.73741849011907
Mesa,4+ PCV13,79.6%,82.4%,90%,"January 1, 2019 - June 30, 2019",71% - 80%,73.52,79.73741849011907
Las Animas,4+ PCV13,79.6%,82.4%,90%,"January 1, 2019 - June 30, 2019",71% - 80%,73.26,79.73741849011907
La Plata,4+ PCV13,79.6%,82.4%,90%,"January 1, 2019 - June 30, 2019",71% - 80%,76.88,79.73741849011907
Jackson,4+ PCV13,79.6%,82.4%,90%,"January 1, 2019 - June 30, 2019",71% - 80%,76.92,79.73741849011907
Gunnison,4+ PCV13,79.6%,82.4%,90%,"January 1, 2019 - June 30, 2019",71% - 80%,76.97,79.73741849011907
Garfield,4+ PCV13,79.6%,82.4%,90%,"January 1, 2019 - June 30, 2019",71% - 80%,78.59,79.73741849011907
Fremont,4+ PCV13,79.6%,82.4%,90%,"January 1, 2019 - June 30, 2019",71% - 80%,74.86,79.73741849011907
El Paso,4+ PCV13,79.6%,82.4%,90%,"January 1, 2019 - June 30, 2019",71% - 80%,73.34,79.73741849011907
Eagle,4+ PCV13,79.6%,82.4%,90%,"January 1, 2019 - June 30, 2019",71% - 80%,75.17,79.73741849011907
Delta,4+ PCV13,79.6%,82.4%,90%,"January 1, 2019 - June 30, 2019",71% - 80%,75.22,79.73741849011907
Crowley,4+ PCV13,79.6%,82.4%,90%,"January 1, 2019 - June 30, 2019",71% - 80%,78,79.73741849011907
Costilla,4+ PCV13,79.6%,82.4%,90%,"January 1, 2019 - June 30, 2019",71% - 80%,80.65,79.73741849011907
Conejos,4+ PCV13,79.6%,82.4%,90%,"January 1, 2019 - June 30, 2019",71% - 80%,74.5,79.73741849011907
Chaffee,4+ PCV13,79.6%,82.4%,90%,"January 1, 2019 - June 30, 2019",71% - 80%,75.95,79.73741849011907
Boulder,4+ PCV13,79.6%,82.4%,90%,"January 1, 2019 - June 30, 2019",71% - 80%,77.18,79.73741849011907
Baca,4+ PCV13,79.6%,82.4%,90%,"January 1, 2019 - June 30, 2019",71% - 80%,80.28,79.73741849011907
Alamosa,4+ PCV13,79.6%,82.4%,90%,"January 1, 2019 - June 30, 2019",71% - 80%,72.6,79.73741849011907
Adams,4+ PCV13,79.6%,82.4%,90%,"January 1, 2019 - June 30, 2019",71% - 80%,80.63,79.73741849011907
Yuma,4+ PCV13,79.6%,82.4%,90%,"January 1, 2019 - June 30, 2019",61% - 70%,65.6,79.73741849011907
Teller,4+ PCV13,79.6%,82.4%,90%,"January 1, 2019 - June 30, 2019",61% - 70%,70.8,79.73741849011907
Sedgwick,4+ PCV13,79.6%,82.4%,90%,"January 1, 2019 - June 30, 2019",61% - 70%,66.67,79.73741849011907
Saguache,4+ PCV13,79.6%,82.4%,90%,"January 1, 2019 - June 30, 2019",61% - 70%,62.5,79.73741849011907
Rio Blanco,4+ PCV13,79.6%,82.4%,90%,"January 1, 2019 - June 30, 2019",61% - 70%,69.67,79.73741849011907
Phillips,4+ PCV13,79.6%,82.4%,90%,"January 1, 2019 - June 30, 2019",61% - 70%,62.5,79.73741849011907
Morgan,4+ PCV13,79.6%,82.4%,90%,"January 1, 2019 - June 30, 2019",61% - 70%,68.53,79.73741849011907
Montezuma,4+ PCV13,79.6%,82.4%,90%,"January 1, 2019 - June 30, 2019",61% - 70%,69.41,79.73741849011907
Lincoln,4+ PCV13,79.6%,82.4%,90%,"January 1, 2019 - June 30, 2019",61% - 70%,69.91,79.73741849011907
Lake,4+ PCV13,79.6%,82.4%,90%,"January 1, 2019 - June 30, 2019",61% - 70%,65.04,79.73741849011907
Huerfano,4+ PCV13,79.6%,82.4%,90%,"January 1, 2019 - June 30, 2019",61% - 70%,66.2,79.73741849011907
Grand,4+ PCV13,79.6%,82.4%,90%,"January 1, 2019 - June 30, 2019",61% - 70%,67.54,79.73741849011907
Gilpin,4+ PCV13,79.6%,82.4%,90%,"January 1, 2019 - June 30, 2019",61% - 70%,65,79.73741849011907
Custer,4+ PCV13,79.6%,82.4%,90%,"January 1, 2019 - June 30, 2019",61% - 70%,64.1,79.73741849011907
Clear Creek,4+ PCV13,79.6%,82.4%,90%,"January 1, 2019 - June 30, 2019",61% - 70%,68,79.73741849011907
Archuleta,4+ PCV13,79.6%,82.4%,90%,"January 1, 2019 - June 30, 2019",61% - 70%,68.97,79.73741849011907
Washington,4+ PCV13,79.6%,82.4%,90%,"January 1, 2019 - June 30, 2019",50% - 60%,55.88,79.73741849011907
San Juan,4+ PCV13,79.6%,82.4%,90%,"January 1, 2019 - June 30, 2019",50% - 60%,55.56,79.73741849011907
Hinsdale,4+ PCV13,79.6%,82.4%,90%,"January 1, 2019 - June 30, 2019",50% - 60%,50,79.73741849011907
Cheyenne,4+ PCV13,79.6%,82.4%,90%,"January 1, 2019 - June 30, 2019",50% - 60%,60,79.73741849011907
Logan,4+ PCV13,79.6%,82.4%,90%,"January 1, 2019 - June 30, 2019",< 50%,48.51,79.73741849011907
Mineral,4+ PCV13,79.6%,82.4%,90%,"July 1, 2019 - December 31, 2019",> 96%,100,80.12821095449874
Bent,4+ PCV13,79.6%,82.4%,90%,"July 1, 2019 - December 31, 2019",91% - 95%,94.44,80.12821095449874
Routt,4+ PCV13,79.6%,82.4%,90%,"July 1, 2019 - December 31, 2019",86% - 90%,86.89,80.12821095449874
Pitkin,4+ PCV13,79.6%,82.4%,90%,"July 1, 2019 - December 31, 2019",86% - 90%,88.1,80.12821095449874
Douglas,4+ PCV13,79.6%,82.4%,90%,"July 1, 2019 - December 31, 2019",86% - 90%,86.48,80.12821095449874
Weld,4+ PCV13,79.6%,82.4%,90%,"July 1, 2019 - December 31, 2019",81% - 85%,82.07,80.12821095449874
Summit,4+ PCV13,79.6%,82.4%,90%,"July 1, 2019 - December 31, 2019",81% - 85%,81.47,80.12821095449874
Prowers,4+ PCV13,79.6%,82.4%,90%,"July 1, 2019 - December 31, 2019",81% - 85%,85.35,80.12821095449874
Montrose,4+ PCV13,79.6%,82.4%,90%,"July 1, 2019 - December 31, 2019",81% - 85%,81.09,80.12821095449874
Larimer,4+ PCV13,79.6%,82.4%,90%,"July 1, 2019 - December 31, 2019",81% - 85%,83.97,80.12821095449874
Kit Carson,4+ PCV13,79.6%,82.4%,90%,"July 1, 2019 - December 31, 2019",81% - 85%,85.16,80.12821095449874
Kiowa,4+ PCV13,79.6%,82.4%,90%,"July 1, 2019 - December 31, 2019",81% - 85%,85,80.12821095449874
Jefferson,4+ PCV13,79.6%,82.4%,90%,"July 1, 2019 - December 31, 2019",81% - 85%,85.04,80.12821095449874
Elbert,4+ PCV13,79.6%,82.4%,90%,"July 1, 2019 - December 31, 2019",81% - 85%,82.76,80.12821095449874
Denver,4+ PCV13,79.6%,82.4%,90%,"July 1, 2019 - December 31, 2019",81% - 85%,82.38,80.12821095449874
Broomfield,4+ PCV13,79.6%,82.4%,90%,"July 1, 2019 - December 31, 2019",81% - 85%,84.81,80.12821095449874
Arapahoe,4+ PCV13,79.6%,82.4%,90%,"July 1, 2019 - December 31, 2019",81% - 85%,81.99,80.12821095449874
Teller,4+ PCV13,79.6%,82.4%,90%,"July 1, 2019 - December 31, 2019",71% - 80%,71.54,80.12821095449874
Sedgwick,4+ PCV13,79.6%,82.4%,90%,"July 1, 2019 - December 31, 2019",71% - 80%,75,80.12821095449874
San Miguel,4+ PCV13,79.6%,82.4%,90%,"July 1, 2019 - December 31, 2019",71% - 80%,80.49,80.12821095449874
Rio Grande,4+ PCV13,79.6%,82.4%,90%,"July 1, 2019 - December 31, 2019",71% - 80%,73.56,80.12821095449874
Pueblo,4+ PCV13,79.6%,82.4%,90%,"July 1, 2019 - December 31, 2019",71% - 80%,73.16,80.12821095449874
Park,4+ PCV13,79.6%,82.4%,90%,"July 1, 2019 - December 31, 2019",71% - 80%,78.32,80.12821095449874
Ouray,4+ PCV13,79.6%,82.4%,90%,"July 1, 2019 - December 31, 2019",71% - 80%,80,80.12821095449874
Otero,4+ PCV13,79.6%,82.4%,90%,"July 1, 2019 - December 31, 2019",71% - 80%,75.21,80.12821095449874
Montezuma,4+ PCV13,79.6%,82.4%,90%,"July 1, 2019 - December 31, 2019",71% - 80%,71.25,80.12821095449874
Moffat,4+ PCV13,79.6%,82.4%,90%,"July 1, 2019 - December 31, 2019",71% - 80%,74.81,80.12821095449874
Las Animas,4+ PCV13,79.6%,82.4%,90%,"July 1, 2019 - December 31, 2019",71% - 80%,74.88,80.12821095449874
La Plata,4+ PCV13,79.6%,82.4%,90%,"July 1, 2019 - December 31, 2019",71% - 80%,78.55,80.12821095449874
Gunnison,4+ PCV13,79.6%,82.4%,90%,"July 1, 2019 - December 31, 2019",71% - 80%,72.85,80.12821095449874
Grand,4+ PCV13,79.6%,82.4%,90%,"July 1, 2019 - December 31, 2019",71% - 80%,72.99,80.12821095449874
Garfield,4+ PCV13,79.6%,82.4%,90%,"July 1, 2019 - December 31, 2019",71% - 80%,77.78,80.12821095449874
Fremont,4+ PCV13,79.6%,82.4%,90%,"July 1, 2019 - December 31, 2019",71% - 80%,76.9,80.12821095449874
El Paso,4+ PCV13,79.6%,82.4%,90%,"July 1, 2019 - December 31, 2019",71% - 80%,73.38,80.12821095449874
Eagle,4+ PCV13,79.6%,82.4%,90%,"July 1, 2019 - December 31, 2019",71% - 80%,77.52,80.12821095449874
Delta,4+ PCV13,79.6%,82.4%,90%,"July 1, 2019 - December 31, 2019",71% - 80%,71.13,80.12821095449874
Custer,4+ PCV13,79.6%,82.4%,90%,"July 1, 2019 - December 31, 2019",71% - 80%,78.57,80.12821095449874
Costilla,4+ PCV13,79.6%,82.4%,90%,"July 1, 2019 - December 31, 2019",71% - 80%,80.36,80.12821095449874
Conejos,4+ PCV13,79.6%,82.4%,90%,"July 1, 2019 - December 31, 2019",71% - 80%,73.75,80.12821095449874
Chaffee,4+ PCV13,79.6%,82.4%,90%,"July 1, 2019 - December 31, 2019",71% - 80%,75.42,80.12821095449874
Boulder,4+ PCV13,79.6%,82.4%,90%,"July 1, 2019 - December 31, 2019",71% - 80%,79.51,80.12821095449874
Baca,4+ PCV13,79.6%,82.4%,90%,"July 1, 2019 - December 31, 2019",71% - 80%,80.88,80.12821095449874
Alamosa,4+ PCV13,79.6%,82.4%,90%,"July 1, 2019 - December 31, 2019",71% - 80%,73.5,80.12821095449874
Adams,4+ PCV13,79.6%,82.4%,90%,"July 1, 2019 - December 31, 2019",71% - 80%,80.72,80.12821095449874
Yuma,4+ PCV13,79.6%,82.4%,90%,"July 1, 2019 - December 31, 2019",61% - 70%,62.5,80.12821095449874
Saguache,4+ PCV13,79.6%,82.4%,90%,"July 1, 2019 - December 31, 2019",61% - 70%,68.75,80.12821095449874
Rio Blanco,4+ PCV13,79.6%,82.4%,90%,"July 1, 2019 - December 31, 2019",61% - 70%,63.64,80.12821095449874
Phillips,4+ PCV13,79.6%,82.4%,90%,"July 1, 2019 - December 31, 2019",61% - 70%,63.16,80.12821095449874
Morgan,4+ PCV13,79.6%,82.4%,90%,"July 1, 2019 - December 31, 2019",61% - 70%,69.5,80.12821095449874
Mesa,4+ PCV13,79.6%,82.4%,90%,"July 1, 2019 - December 31, 2019",61% - 70%,70.77,80.12821095449874
Lincoln,4+ PCV13,79.6%,82.4%,90%,"July 1, 2019 - December 31, 2019",61% - 70%,68.64,80.12821095449874
Lake,4+ PCV13,79.6%,82.4%,90%,"July 1, 2019 - December 31, 2019",61% - 70%,66.42,80.12821095449874
Jackson,4+ PCV13,79.6%,82.4%,90%,"July 1, 2019 - December 31, 2019",61% - 70%,70.59,80.12821095449874
Huerfano,4+ PCV13,79.6%,82.4%,90%,"July 1, 2019 - December 31, 2019",61% - 70%,69.57,80.12821095449874
Gilpin,4+ PCV13,79.6%,82.4%,90%,"July 1, 2019 - December 31, 2019",61% - 70%,69.35,80.12821095449874
Crowley,4+ PCV13,79.6%,82.4%,90%,"July 1, 2019 - December 31, 2019",61% - 70%,68.75,80.12821095449874
Clear Creek,4+ PCV13,79.6%,82.4%,90%,"July 1, 2019 - December 31, 2019",61% - 70%,65.82,80.12821095449874
Cheyenne,4+ PCV13,79.6%,82.4%,90%,"July 1, 2019 - December 31, 2019",61% - 70%,69.23,80.12821095449874
Archuleta,4+ PCV13,79.6%,82.4%,90%,"July 1, 2019 - December 31, 2019",61% - 70%,70.5,80.12821095449874
Washington,4+ PCV13,79.6%,82.4%,90%,"July 1, 2019 - December 31, 2019",50% - 60%,55.74,80.12821095449874
San Juan,4+ PCV13,79.6%,82.4%,90%,"July 1, 2019 - December 31, 2019",50% - 60%,57.14,80.12821095449874
Logan,4+ PCV13,79.6%,82.4%,90%,"July 1, 2019 - December 31, 2019",50% - 60%,50.59,80.12821095449874
Hinsdale,4+ PCV13,79.6%,82.4%,90%,"July 1, 2019 - December 31, 2019",50% - 60%,50,80.12821095449874
Dolores,4+ PCV13,79.6%,82.4%,90%,"July 1, 2019 - December 31, 2019",< 50%,46.15,80.12821095449874
Mineral,4+ PCV13,79.6%,82.4%,90%,"January 1, 2020 - June 30, 2020",> 96%,100,80.8635380114583
Kiowa,4+ PCV13,79.6%,82.4%,90%,"January 1, 2020 - June 30, 2020",91% - 95%,95.83,80.8635380114583
Ouray,4+ PCV13,79.6%,82.4%,90%,"January 1, 2020 - June 30, 2020",86% - 90%,87.1,80.8635380114583
Kit Carson,4+ PCV13,79.6%,82.4%,90%,"January 1, 2020 - June 30, 2020",86% - 90%,87.02,80.8635380114583
Douglas,4+ PCV13,79.6%,82.4%,90%,"January 1, 2020 - June 30, 2020",86% - 90%,86.7,80.8635380114583
Broomfield,4+ PCV13,79.6%,82.4%,90%,"January 1, 2020 - June 30, 2020",86% - 90%,86.07,80.8635380114583
Weld,4+ PCV13,79.6%,82.4%,90%,"January 1, 2020 - June 30, 2020",81% - 85%,81.48,80.8635380114583
Summit,4+ PCV13,79.6%,82.4%,90%,"January 1, 2020 - June 30, 2020",81% - 85%,83.88,80.8635380114583
San Miguel,4+ PCV13,79.6%,82.4%,90%,"January 1, 2020 - June 30, 2020",81% - 85%,83.16,80.8635380114583
Routt,4+ PCV13,79.6%,82.4%,90%,"January 1, 2020 - June 30, 2020",81% - 85%,85.75,80.8635380114583
Prowers,4+ PCV13,79.6%,82.4%,90%,"January 1, 2020 - June 30, 2020",81% - 85%,85.76,80.8635380114583
Pitkin,4+ PCV13,79.6%,82.4%,90%,"January 1, 2020 - June 30, 2020",81% - 85%,85.16,80.8635380114583
Montrose,4+ PCV13,79.6%,82.4%,90%,"January 1, 2020 - June 30, 2020",81% - 85%,83.57,80.8635380114583
Larimer,4+ PCV13,79.6%,82.4%,90%,"January 1, 2020 - June 30, 2020",81% - 85%,84.63,80.8635380114583
La Plata,4+ PCV13,79.6%,82.4%,90%,"January 1, 2020 - June 30, 2020",81% - 85%,81.19,80.8635380114583
Jefferson,4+ PCV13,79.6%,82.4%,90%,"January 1, 2020 - June 30, 2020",81% - 85%,85.25,80.8635380114583
Garfield,4+ PCV13,79.6%,82.4%,90%,"January 1, 2020 - June 30, 2020",81% - 85%,81.12,80.8635380114583
Elbert,4+ PCV13,79.6%,82.4%,90%,"January 1, 2020 - June 30, 2020",81% - 85%,81.23,80.8635380114583
Denver,4+ PCV13,79.6%,82.4%,90%,"January 1, 2020 - June 30, 2020",81% - 85%,83.82,80.8635380114583
Custer,4+ PCV13,79.6%,82.4%,90%,"January 1, 2020 - June 30, 2020",81% - 85%,81.82,80.8635380114583
Costilla,4+ PCV13,79.6%,82.4%,90%,"January 1, 2020 - June 30, 2020",81% - 85%,81.97,80.8635380114583
Bent,4+ PCV13,79.6%,82.4%,90%,"January 1, 2020 - June 30, 2020",81% - 85%,82.35,80.8635380114583
Arapahoe,4+ PCV13,79.6%,82.4%,90%,"January 1, 2020 - June 30, 2020",81% - 85%,82.57,80.8635380114583
Adams,4+ PCV13,79.6%,82.4%,90%,"January 1, 2020 - June 30, 2020",81% - 85%,81.6,80.8635380114583
Yuma,4+ PCV13,79.6%,82.4%,90%,"January 1, 2020 - June 30, 2020",71% - 80%,72.95,80.8635380114583
Sedgwick,4+ PCV13,79.6%,82.4%,90%,"January 1, 2020 - June 30, 2020",71% - 80%,72,80.8635380114583
San Juan,4+ PCV13,79.6%,82.4%,90%,"January 1, 2020 - June 30, 2020",71% - 80%,71.43,80.8635380114583
Rio Grande,4+ PCV13,79.6%,82.4%,90%,"January 1, 2020 - June 30, 2020",71% - 80%,72.35,80.8635380114583
Pueblo,4+ PCV13,79.6%,82.4%,90%,"January 1, 2020 - June 30, 2020",71% - 80%,74.97,80.8635380114583
Park,4+ PCV13,79.6%,82.4%,90%,"January 1, 2020 - June 30, 2020",71% - 80%,75.61,80.8635380114583
Otero,4+ PCV13,79.6%,82.4%,90%,"January 1, 2020 - June 30, 2020",71% - 80%,75.07,80.8635380114583
Morgan,4+ PCV13,79.6%,82.4%,90%,"January 1, 2020 - June 30, 2020",71% - 80%,71.41,80.8635380114583
Montezuma,4+ PCV13,79.6%,82.4%,90%,"January 1, 2020 - June 30, 2020",71% - 80%,73.26,80.8635380114583
Moffat,4+ PCV13,79.6%,82.4%,90%,"January 1, 2020 - June 30, 2020",71% - 80%,74,80.8635380114583
Mesa,4+ PCV13,79.6%,82.4%,90%,"January 1, 2020 - June 30, 2020",71% - 80%,71.53,80.8635380114583
Las Animas,4+ PCV13,79.6%,82.4%,90%,"January 1, 2020 - June 30, 2020",71% - 80%,78.44,80.8635380114583
Gunnison,4+ PCV13,79.6%,82.4%,90%,"January 1, 2020 - June 30, 2020",71% - 80%,76.56,80.8635380114583
Grand,4+ PCV13,79.6%,82.4%,90%,"January 1, 2020 - June 30, 2020",71% - 80%,76.73,80.8635380114583
Fremont,4+ PCV13,79.6%,82.4%,90%,"January 1, 2020 - June 30, 2020",71% - 80%,76.53,80.8635380114583
El Paso,4+ PCV13,79.6%,82.4%,90%,"January 1, 2020 - June 30, 2020",71% - 80%,74.28,80.8635380114583
Eagle,4+ PCV13,79.6%,82.4%,90%,"January 1, 2020 - June 30, 2020",71% - 80%,76.84,80.8635380114583
Delta,4+ PCV13,79.6%,82.4%,90%,"January 1, 2020 - June 30, 2020",71% - 80%,74.43,80.8635380114583
Crowley,4+ PCV13,79.6%,82.4%,90%,"January 1, 2020 - June 30, 2020",71% - 80%,72.92,80.8635380114583
Conejos,4+ PCV13,79.6%,82.4%,90%,"January 1, 2020 - June 30, 2020",71% - 80%,72.05,80.8635380114583
Chaffee,4+ PCV13,79.6%,82.4%,90%,"January 1, 2020 - June 30, 2020",71% - 80%,75.49,80.8635380114583
Boulder,4+ PCV13,79.6%,82.4%,90%,"January 1, 2020 - June 30, 2020",71% - 80%,80.57,80.8635380114583
Baca,4+ PCV13,79.6%,82.4%,90%,"January 1, 2020 - June 30, 2020",71% - 80%,80.88,80.8635380114583
Alamosa,4+ PCV13,79.6%,82.4%,90%,"January 1, 2020 - June 30, 2020",71% - 80%,72.46,80.8635380114583
Washington,4+ PCV13,79.6%,82.4%,90%,"January 1, 2020 - June 30, 2020",61% - 70%,62.5,80.8635380114583
Teller,4+ PCV13,79.6%,82.4%,90%,"January 1, 2020 - June 30, 2020",61% - 70%,66.02,80.8635380114583
Rio Blanco,4+ PCV13,79.6%,82.4%,90%,"January 1, 2020 - June 30, 2020",61% - 70%,61.82,80.8635380114583
Phillips,4+ PCV13,79.6%,82.4%,90%,"January 1, 2020 - June 30, 2020",61% - 70%,68.85,80.8635380114583
Lincoln,4+ PCV13,79.6%,82.4%,90%,"January 1, 2020 - June 30, 2020",61% - 70%,64.35,80.8635380114583
Lake,4+ PCV13,79.6%,82.4%,90%,"January 1, 2020 - June 30, 2020",61% - 70%,67.09,80.8635380114583
Jackson,4+ PCV13,79.6%,82.4%,90%,"January 1, 2020 - June 30, 2020",61% - 70%,61.9,80.8635380114583
Huerfano,4+ PCV13,79.6%,82.4%,90%,"January 1, 2020 - June 30, 2020",61% - 70%,68.75,80.8635380114583
Gilpin,4+ PCV13,79.6%,82.4%,90%,"January 1, 2020 - June 30, 2020",61% - 70%,69.49,80.8635380114583
Dolores,4+ PCV13,79.6%,82.4%,90%,"January 1, 2020 - June 30, 2020",61% - 70%,70.59,80.8635380114583
Cheyenne,4+ PCV13,79.6%,82.4%,90%,"January 1, 2020 - June 30, 2020",61% - 70%,66.67,80.8635380114583
Archuleta,4+ PCV13,79.6%,82.4%,90%,"January 1, 2020 - June 30, 2020",61% - 70%,69.32,80.8635380114583
Saguache,4+ PCV13,79.6%,82.4%,90%,"January 1, 2020 - June 30, 2020",50% - 60%,55.17,80.8635380114583
Logan,4+ PCV13,79.6%,82.4%,90%,"January 1, 2020 - June 30, 2020",50% - 60%,50.16,80.8635380114583
Hinsdale,4+ PCV13,79.6%,82.4%,90%,"January 1, 2020 - June 30, 2020",50% - 60%,50,80.8635380114583
Clear Creek,4+ PCV13,79.6%,82.4%,90%,"January 1, 2020 - June 30, 2020",50% - 60%,60.81,80.8635380114583
Kiowa,4+ PCV13,79.6%,82.4%,90%,"July 1, 2015 - December 31, 2015",91% - 95%,92,75.98822163470857
Prowers,4+ PCV13,79.6%,82.4%,90%,"July 1, 2015 - December 31, 2015",86% - 90%,90.46,75.98822163470857
Hinsdale,4+ PCV13,79.6%,82.4%,90%,"July 1, 2015 - December 31, 2015",86% - 90%,87.5,75.98822163470857
Baca,4+ PCV13,79.6%,82.4%,90%,"July 1, 2015 - December 31, 2015",86% - 90%,90,75.98822163470857
Otero,4+ PCV13,79.6%,82.4%,90%,"July 1, 2015 - December 31, 2015",81% - 85%,84.55,75.98822163470857
Montrose,4+ PCV13,79.6%,82.4%,90%,"July 1, 2015 - December 31, 2015",81% - 85%,82.2,75.98822163470857
Kit Carson,4+ PCV13,79.6%,82.4%,90%,"July 1, 2015 - December 31, 2015",81% - 85%,84.51,75.98822163470857
Jefferson,4+ PCV13,79.6%,82.4%,90%,"July 1, 2015 - December 31, 2015",81% - 85%,81.7,75.98822163470857
Douglas,4+ PCV13,79.6%,82.4%,90%,"July 1, 2015 - December 31, 2015",81% - 85%,81.31,75.98822163470857
Denver,4+ PCV13,79.6%,82.4%,90%,"July 1, 2015 - December 31, 2015",81% - 85%,85.26,75.98822163470857
Arapahoe,4+ PCV13,79.6%,82.4%,90%,"July 1, 2015 - December 31, 2015",81% - 85%,83.94,75.98822163470857
Adams,4+ PCV13,79.6%,82.4%,90%,"July 1, 2015 - December 31, 2015",81% - 85%,81.52,75.98822163470857
Ouray,4+ PCV13,79.6%,82.4%,90%,"July 1, 2015 - December 31, 2015",71% - 80%,78.57,75.98822163470857
Las Animas,4+ PCV13,79.6%,82.4%,90%,"July 1, 2015 - December 31, 2015",71% - 80%,72.99,75.98822163470857
La Plata,4+ PCV13,79.6%,82.4%,90%,"July 1, 2015 - December 31, 2015",71% - 80%,77.62,75.98822163470857
Fremont,4+ PCV13,79.6%,82.4%,90%,"July 1, 2015 - December 31, 2015",71% - 80%,71.1,75.98822163470857
Elbert,4+ PCV13,79.6%,82.4%,90%,"July 1, 2015 - December 31, 2015",71% - 80%,71.11,75.98822163470857
Dolores,4+ PCV13,79.6%,82.4%,90%,"July 1, 2015 - December 31, 2015",71% - 80%,72.73,75.98822163470857
Delta,4+ PCV13,79.6%,82.4%,90%,"July 1, 2015 - December 31, 2015",71% - 80%,71.2,75.98822163470857
Costilla,4+ PCV13,79.6%,82.4%,90%,"July 1, 2015 - December 31, 2015",71% - 80%,74.29,75.98822163470857
Boulder,4+ PCV13,79.6%,82.4%,90%,"July 1, 2015 - December 31, 2015",71% - 80%,71.36,75.98822163470857
Bent,4+ PCV13,79.6%,82.4%,90%,"July 1, 2015 - December 31, 2015",71% - 80%,78.79,75.98822163470857
Alamosa,4+ PCV13,79.6%,82.4%,90%,"July 1, 2015 - December 31, 2015",71% - 80%,74.68,75.98822163470857
Weld,4+ PCV13,79.6%,82.4%,90%,"July 1, 2015 - December 31, 2015",61% - 70%,70.96,75.98822163470857
Washington,4+ PCV13,79.6%,82.4%,90%,"July 1, 2015 - December 31, 2015",61% - 70%,66.67,75.98822163470857
Summit,4+ PCV13,79.6%,82.4%,90%,"July 1, 2015 - December 31, 2015",61% - 70%,64.6,75.98822163470857
Saguache,4+ PCV13,79.6%,82.4%,90%,"July 1, 2015 - December 31, 2015",61% - 70%,64.86,75.98822163470857
Rio Grande,4+ PCV13,79.6%,82.4%,90%,"July 1, 2015 - December 31, 2015",61% - 70%,65.63,75.98822163470857
Rio Blanco,4+ PCV13,79.6%,82.4%,90%,"July 1, 2015 - December 31, 2015",61% - 70%,66.18,75.98822163470857
Pueblo,4+ PCV13,79.6%,82.4%,90%,"July 1, 2015 - December 31, 2015",61% - 70%,63.79,75.98822163470857
Park,4+ PCV13,79.6%,82.4%,90%,"July 1, 2015 - December 31, 2015",61% - 70%,66.67,75.98822163470857
Montezuma,4+ PCV13,79.6%,82.4%,90%,"July 1, 2015 - December 31, 2015",61% - 70%,68.44,75.98822163470857
Mineral,4+ PCV13,79.6%,82.4%,90%,"July 1, 2015 - December 31, 2015",61% - 70%,70,75.98822163470857
Logan,4+ PCV13,79.6%,82.4%,90%,"July 1, 2015 - December 31, 2015",61% - 70%,67.08,75.98822163470857
Lincoln,4+ PCV13,79.6%,82.4%,90%,"July 1, 2015 - December 31, 2015",61% - 70%,68.82,75.98822163470857
Larimer,4+ PCV13,79.6%,82.4%,90%,"July 1, 2015 - December 31, 2015",61% - 70%,69.76,75.98822163470857
Lake,4+ PCV13,79.6%,82.4%,90%,"July 1, 2015 - December 31, 2015",61% - 70%,63.27,75.98822163470857
Gunnison,4+ PCV13,79.6%,82.4%,90%,"July 1, 2015 - December 31, 2015",61% - 70%,67.92,75.98822163470857
Grand,4+ PCV13,79.6%,82.4%,90%,"July 1, 2015 - December 31, 2015",61% - 70%,64.71,75.98822163470857
Gilpin,4+ PCV13,79.6%,82.4%,90%,"July 1, 2015 - December 31, 2015",61% - 70%,67.39,75.98822163470857
Garfield,4+ PCV13,79.6%,82.4%,90%,"July 1, 2015 - December 31, 2015",61% - 70%,68.29,75.98822163470857
El Paso,4+ PCV13,79.6%,82.4%,90%,"July 1, 2015 - December 31, 2015",61% - 70%,66.32,75.98822163470857
Eagle,4+ PCV13,79.6%,82.4%,90%,"July 1, 2015 - December 31, 2015",61% - 70%,68.21,75.98822163470857
Custer,4+ PCV13,79.6%,82.4%,90%,"July 1, 2015 - December 31, 2015",61% - 70%,63.64,75.98822163470857
Conejos,4+ PCV13,79.6%,82.4%,90%,"July 1, 2015 - December 31, 2015",61% - 70%,64.08,75.98822163470857
Cheyenne,4+ PCV13,79.6%,82.4%,90%,"July 1, 2015 - December 31, 2015",61% - 70%,68.75,75.98822163470857
Chaffee,4+ PCV13,79.6%,82.4%,90%,"July 1, 2015 - December 31, 2015",61% - 70%,64.96,75.98822163470857
Broomfield,4+ PCV13,79.6%,82.4%,90%,"July 1, 2015 - December 31, 2015",61% - 70%,67.18,75.98822163470857
Archuleta,4+ PCV13,79.6%,82.4%,90%,"July 1, 2015 - December 31, 2015",61% - 70%,64.71,75.98822163470857
Teller,4+ PCV13,79.6%,82.4%,90%,"July 1, 2015 - December 31, 2015",50% - 60%,60.19,75.98822163470857
Sedgwick,4+ PCV13,79.6%,82.4%,90%,"July 1, 2015 - December 31, 2015",50% - 60%,50,75.98822163470857
Pitkin,4+ PCV13,79.6%,82.4%,90%,"July 1, 2015 - December 31, 2015",50% - 60%,55.97,75.98822163470857
Phillips,4+ PCV13,79.6%,82.4%,90%,"July 1, 2015 - December 31, 2015",50% - 60%,58.9,75.98822163470857
Morgan,4+ PCV13,79.6%,82.4%,90%,"July 1, 2015 - December 31, 2015",50% - 60%,56.41,75.98822163470857
Mesa,4+ PCV13,79.6%,82.4%,90%,"July 1, 2015 - December 31, 2015",50% - 60%,59.09,75.98822163470857
Jackson,4+ PCV13,79.6%,82.4%,90%,"July 1, 2015 - December 31, 2015",50% - 60%,59.09,75.98822163470857
Huerfano,4+ PCV13,79.6%,82.4%,90%,"July 1, 2015 - December 31, 2015",50% - 60%,60,75.98822163470857
Crowley,4+ PCV13,79.6%,82.4%,90%,"July 1, 2015 - December 31, 2015",50% - 60%,51.22,75.98822163470857
Clear Creek,4+ PCV13,79.6%,82.4%,90%,"July 1, 2015 - December 31, 2015",50% - 60%,54.29,75.98822163470857
Yuma,4+ PCV13,79.6%,82.4%,90%,"July 1, 2015 - December 31, 2015",< 50%,44.58,75.98822163470857
San Miguel,4+ PCV13,79.6%,82.4%,90%,"July 1, 2015 - December 31, 2015",< 50%,49.06,75.98822163470857
San Juan,4+ PCV13,79.6%,82.4%,90%,"July 1, 2015 - December 31, 2015",< 50%,46.15,75.98822163470857
Routt,4+ PCV13,79.6%,82.4%,90%,"July 1, 2015 - December 31, 2015",< 50%,34.38,75.98822163470857
Moffat,4+ PCV13,79.6%,82.4%,90%,"July 1, 2015 - December 31, 2015",< 50%,49.79,75.98822163470857
